-- phpMyAdmin SQL Dump
-- version 5.2.0
-- https://www.phpmyadmin.net/
--
-- Host: 127.0.0.1
-- Generation Time: Jun 14, 2026 at 08:30 AM
-- Server version: 10.4.27-MariaDB
-- PHP Version: 7.4.33

SET SQL_MODE = "NO_AUTO_VALUE_ON_ZERO";
START TRANSACTION;
SET time_zone = "+00:00";


/*!40101 SET @OLD_CHARACTER_SET_CLIENT=@@CHARACTER_SET_CLIENT */;
/*!40101 SET @OLD_CHARACTER_SET_RESULTS=@@CHARACTER_SET_RESULTS */;
/*!40101 SET @OLD_COLLATION_CONNECTION=@@COLLATION_CONNECTION */;
/*!40101 SET NAMES utf8mb4 */;

--
-- Database: `dev-arh`
--

-- --------------------------------------------------------

--
-- Table structure for table `atribut`
--

CREATE TABLE `atribut` (
  `id_atribut` int(11) NOT NULL,
  `nama_atribut` varchar(50) NOT NULL
) ENGINE=InnoDB DEFAULT CHARSET=utf8mb4 COLLATE=utf8mb4_general_ci;

--
-- Dumping data for table `atribut`
--

INSERT INTO `atribut` (`id_atribut`, `nama_atribut`) VALUES
(1, 'PPI (CB R23)'),
(2, 'RAM (GB)'),
(3, 'OS Storage Speed (GB/s)'),
(4, 'OS Storage Capacity (GB)'),
(5, 'GPU PI (GPixel/s)'),
(6, 'VRAM GPU (GB)'),
(7, 'PSU (Watt)'),
(8, 'PSU % Efficiency (80 Plus Cert.)'),
(9, 'Upgradability (PCIe Socket)'),
(10, 'Harga (Juta Rupiah)');

-- --------------------------------------------------------

--
-- Table structure for table `cluster`
--

CREATE TABLE `cluster` (
  `id_cluster` int(11) NOT NULL,
  `nama_cluster` varchar(20) NOT NULL
) ENGINE=InnoDB DEFAULT CHARSET=utf8mb4 COLLATE=utf8mb4_general_ci;

--
-- Dumping data for table `cluster`
--

INSERT INTO `cluster` (`id_cluster`, `nama_cluster`) VALUES
(1, 'Cluster 1'),
(2, 'Cluster 2'),
(3, 'Cluster 3');

-- --------------------------------------------------------

--
-- Table structure for table `laporan`
--

CREATE TABLE `laporan` (
  `id` int(11) NOT NULL,
  `user_id` int(11) NOT NULL,
  `tanggal_laporan` date NOT NULL DEFAULT current_timestamp(),
  `jumlah_iterasi` int(11) NOT NULL
) ENGINE=InnoDB DEFAULT CHARSET=utf8mb4 COLLATE=utf8mb4_general_ci;

--
-- Dumping data for table `laporan`
--

INSERT INTO `laporan` (`id`, `user_id`, `tanggal_laporan`, `jumlah_iterasi`) VALUES
(4, 6, '2025-07-23', 2);

-- --------------------------------------------------------

--
-- Table structure for table `laporan_hasil_akhir`
--

CREATE TABLE `laporan_hasil_akhir` (
  `id` int(11) NOT NULL,
  `id_laporan` int(11) NOT NULL,
  `nama_pc` varchar(250) NOT NULL,
  `nama_cluster` varchar(20) NOT NULL
) ENGINE=InnoDB DEFAULT CHARSET=utf8mb4 COLLATE=utf8mb4_general_ci;

--
-- Dumping data for table `laporan_hasil_akhir`
--

INSERT INTO `laporan_hasil_akhir` (`id`, `id_laporan`, `nama_pc`, `nama_cluster`) VALUES
(568, 4, 'EK Gaming BattleStealth D5 | AMD Ryzen 5 8600G, AMD Radeon 760M', 'Cluster 1'),
(569, 4, 'EK Gaming BattleMoonz PRO 660XT | AMD Ryzen 5 8400F, AMD Radeon RX 6600 XT', 'Cluster 1'),
(570, 4, 'EK Gaming BattleMoonz PRO 760 | AMD Ryzen 5 7500F, AMD Radeon RX 7600', 'Cluster 1'),
(571, 4, 'EK Gaming BattleMoonz PRO 306 | AMD Ryzen 5 8400F, NVIDIA GeForce RTX 3060', 'Cluster 1'),
(572, 4, 'EK Gaming BattleForteer 406 | AMD Ryzen 5 7500F, NVIDIA GeForce RTX 4060', 'Cluster 1'),
(573, 4, 'EK Gaming BattleForteer 406Ti | AMD Ryzen 5 8400F, NVIDIA GeForce RTX 4060 Ti', 'Cluster 1'),
(574, 4, 'EK Theme X Alter Ego Persona 406 | AMD Ryzen 5 7600, NVIDIA GeForce RTX 4060', 'Cluster 1'),
(575, 4, 'EK Gaming BattleForties V3 506 | Intel Core Ultra 5 225F, NVIDIA GeForce RTX 5060', 'Cluster 1'),
(576, 4, 'EK Gaming BattleForties PRO 406Ti | Intel Core i5-14400F, NVIDIA GeForce RTX 4060 Ti', 'Cluster 1'),
(577, 4, 'EK Gaming BattleForteer PRO 406Ti | AMD Ryzen 7 8700F, NVIDIA GeForce RTX 4060 Ti', 'Cluster 1'),
(578, 4, 'EK Gaming BattleForteer 506 | AMD Ryzen 5 7500F, NVIDIA GeForce RTX 5060', 'Cluster 1'),
(579, 4, 'EK Creator Alpha 406Ti | AMD Ryzen 5 7600X, NVIDIA GeForce RTX 4060 Ti', 'Cluster 1'),
(580, 4, 'EK Gaming BattleForteer V3 506Ti | AMD Ryzen 5 7600X, NVIDIA GeForce RTX 5060 Ti', 'Cluster 1'),
(581, 4, 'EK Gaming BattleForties PRO 506Ti | Intel Core i5-14400F, NVIDIA GeForce RTX 5060 Ti', 'Cluster 1'),
(582, 4, 'EK Gaming BattleForties V3 506Ti SNOW | Intel Core Ultra 5 225F, NVIDIA GeForce RTX 5060 Ti', 'Cluster 1'),
(583, 4, 'EK AI Arrow 506Ti | Intel Core Ultra 5 225F, NVIDIA GeForce RTX 5060 Ti', 'Cluster 1'),
(584, 4, 'EK Gaming BattleForteer V3 506Ti-16G | AMD Ryzen 5 7600X, NVIDIA GeForce RTX 5060 Ti', 'Cluster 1'),
(585, 4, 'EK Gaming BattleMoonz PRO 770XT | AMD Ryzen 5 7600X, AMD Radeon RX 7700 XT', 'Cluster 1'),
(586, 4, 'EK Gaming BattleForteer V3 507 | AMD Ryzen 5 9600X, NVIDIA GeForce RTX 5070', 'Cluster 1'),
(587, 4, 'EK Gaming BattleForteer Pro 780XT | AMD Ryzen 7 7800X3D, AMD Radeon RX 7800 XT', 'Cluster 1'),
(588, 4, 'EK Gaming BattleXtream 780XT | AMD Ryzen 7 7800X3D, AMD Radeon RX 7800 XT', 'Cluster 1'),
(589, 4, 'EK Gaming BattleForteer Pro 907 | AMD Ryzen 7 7800X3D, AMD Radeon RX 9070', 'Cluster 1'),
(590, 4, 'COC Elite Station 8.0 - Paket PC Rakitan AMD Ryzen 5 8600G, AMD Radeon 760M', 'Cluster 1'),
(591, 4, 'COC Elite Station 6.0 - Paket PC Rakitan AMD Ryzen 7 5700G, AMD Radeon Vega 8', 'Cluster 1'),
(592, 4, 'COC Gamers Box V90.0 - Paket PC Rakitan Intel Core i5 13400F, NVIDIA GeForce GTX 1650', 'Cluster 1'),
(593, 4, 'COC Elite Station 9.0 - Paket PC Rakitan AMD Ryzen 7 8700G, AMD Radeon 780M', 'Cluster 1'),
(594, 4, 'COC Battlerig V20.0 - Paket PC Rakitan Intel Core i5 13400F, Intel ARC A380', 'Cluster 1'),
(595, 4, 'COC Gamers Box V93.0 - Paket PC Rakitan Intel Core i5 13400F, NVIDIA GeForce RTX 3050', 'Cluster 1'),
(596, 4, 'COC Battle Station V65.8 - Paket PC Rakitan AMD Ryzen 5 7500F, AMD Radeon RX 6600', 'Cluster 1'),
(597, 4, 'COC Battle Station V65.5 - Paket PC Rakitan AMD Ryzen 5 7500F, AMD Radeon RX 7600', 'Cluster 1'),
(598, 4, 'COC Gamers Box V135.0 - Paket PC Rakitan Intel Core i5 14400F, NVIDIA GeForce RTX 4060', 'Cluster 1'),
(599, 4, 'COC Streamers Box V30.0 - Paket PC Rakitan Intel Core i5 13400F, NVIDIA GeForce RTX 3060', 'Cluster 1'),
(600, 4, 'COC Gamers Box V130.0 - Paket PC Rakitan Intel Core i5 13400F, NVIDIA GeForce RTX 4060', 'Cluster 1'),
(601, 4, 'COC Battle Station X Gaptech.id V10.0 - Intel Core i5 13400F, 16GB, AMD Radeon RX 6600', 'Cluster 1'),
(602, 4, 'COC Creators Box V33.0 - Paket PC Rakitan Intel Core i5 14400F, NVIDIA GeForce RTX 4060', 'Cluster 1'),
(603, 4, 'COC Creators Box V30.0 - Paket PC Rakitan Intel Core i5 13400F, NVIDIA GeForce RTX 4060', 'Cluster 1'),
(604, 4, 'COC Battle Station V65.0 - Paket PC Rakitan AMD Ryzen 5 7600, AMD Radeon RX 7600', 'Cluster 1'),
(605, 4, 'COC Battle Station V78.0 - Paket PC Rakitan AMD Ryzen 5 7600, AMD Radeon RX 7600', 'Cluster 1'),
(606, 4, 'COC Gamers Box V105.0 - Paket PC Rakitan Intel Core i5 13400F, NVIDIA GeForce RTX 3060', 'Cluster 1'),
(607, 4, 'COC Battle Station X Gaptech.id V20.0 - AMD Ryzen 5 7600, AMD Radeon RX 6600', 'Cluster 1'),
(608, 4, 'COC Battle Station X Gaptech.id V20.0 - AMD Ryzen 5 7600, AMD Radeon RX 7600', 'Cluster 1'),
(609, 4, 'COC Gamers Box V133.0 - Paket PC Rakitan AMD Ryzen 5 7500F, NVIDIA GeForce RTX 4060', 'Cluster 1'),
(610, 4, 'COC Battle Station V76.0 - Paket PC Rakitan AMD Ryzen 5 7600X, AMD Radeon RX 7600', 'Cluster 1'),
(611, 4, 'COC Holy Box V20.0 White - Paket PC Rakitan AMD Ryzen 5 7500F, AMD Radeon RX 7600', 'Cluster 1'),
(612, 4, 'COC Holy Box V10.0 White - Paket PC Rakitan Intel Core i5 13400F, NVIDIA GeForce RTX 4060', 'Cluster 1'),
(613, 4, 'COC Gamers Box X Corsair V10.0 - Paket PC Rakitan Intel Core i5 13400F, NVIDIA GeForce RTX 4060', 'Cluster 1'),
(614, 4, 'COC Gamers Box V115.0 - Paket PC Rakitan Intel Core i5 13400F, NVIDIA GeForce RTX 4060 Ti', 'Cluster 1'),
(615, 4, 'COC Battle Station V78.0 - Paket PC Rakitan AMD Ryzen 5 7600X, AMD Radeon RX 6600', 'Cluster 1'),
(616, 4, 'COC Battle Station V30.0 - Paket PC Rakitan AMD Ryzen 7 5800X, AMD Radeon RX 6700 XT', 'Cluster 1'),
(617, 4, 'COC Gamers Box V43.0 - Paket PC Rakitan AMD Ryzen 7 5800X, NVIDIA GeForce RTX 3070', 'Cluster 1'),
(618, 4, 'COC Mini Box V50.0 - Paket Rakitan Mini PC AMD Ryzen 5 7500F, NVIDIA GeForce RTX 4060 Ti', 'Cluster 1'),
(619, 4, 'COC Mini Box V50.0 White Edition - Paket Rakitan Mini PC AMD Ryzen 5 7500F, NVIDIA GeForce RTX 4060 Ti', 'Cluster 1'),
(620, 4, 'COC Battle Station V80.0 - Paket PC Rakitan AMD Ryzen 7 7700X, AMD Radeon RX 6700 XT', 'Cluster 1'),
(621, 4, 'COC Creators Box X ASUS V20.0 - Paket PC Rakitan AMD Ryzen 7 5800X3D, NVIDIA GeForce RTX 4060 Ti', 'Cluster 1'),
(622, 4, 'COC Creators Box V50.0 - Paket PC Rakitan Intel Core i5 13400F, NVIDIA GeForce RTX 4070 Ti', 'Cluster 1'),
(623, 4, 'EK Gaming BattleForteer Pro 907XT | AMD Ryzen 7 9700X, AMD Radeon RX 9070 XT', 'Cluster 2'),
(624, 4, 'COC Battlerig V20.0 - Paket PC Rakitan Intel Core i5 14600KF, Intel ARC A580', 'Cluster 2'),
(625, 4, 'COC Gamers Box V80.0 - PC Rakitan Intel Core i7 12700F, NVIDIA GeForce RTX 3060 Ti', 'Cluster 2'),
(626, 4, 'COC Gamers Box V110.0 - Paket PC Rakitan Intel Core i7 13700F, NVIDIA GeForce RTX 3060 Ti', 'Cluster 2'),
(627, 4, 'COC Gamers Box V117.0 - Paket PC Rakitan Intel Core i7 13700F, NVIDIA GeForce RTX 4060 Ti', 'Cluster 2'),
(628, 4, 'COC Gamers Box V140.0 - Paket PC Rakitan Intel Core i7 14700F, NVIDIA GeForce RTX 4070 Super', 'Cluster 2'),
(629, 4, 'COC Gamers Box V120.0 - Paket PC Rakitan Intel Core i7 13700F, NVIDIA GeForce RTX 4070 Ti', 'Cluster 2'),
(630, 4, 'COC GIGABYTE Battle PC - Paket PC Rakitan Intel Core i7 13700KF, NVIDIA GeForce RTX 4070 Ti', 'Cluster 2'),
(631, 4, 'COC Battle Station V90.0 - Paket PC Rakitan AMD Ryzen 9 7900X, AMD Radeon RX 7900 XT', 'Cluster 2'),
(632, 4, 'COC Creators Box V60.0 - Paket PC Rakitan Intel Core i7 14700F, NVIDIA GeForce RTX 4070 Ti Super', 'Cluster 2'),
(633, 4, 'COC Creators Box V65.0 - Paket PC Rakitan Intel Core i7 13700, NVIDIA GeForce RTX 4080 Super', 'Cluster 2'),
(634, 4, 'COC Creators Box X ASUS V20.0 - Paket PC Rakitan Intel Core i9 13900K, NVIDIA GeForce RTX 4080', 'Cluster 2'),
(635, 4, 'EK Office Fizzword Red-X V2 | AMD Ryzen 3 3200G, AMD Radeon Vega 8', 'Cluster 3'),
(636, 4, 'EK Office Fizzword Blue-X V2 | Intel Core i3 10105, Intel UHD Grapics 630', 'Cluster 3'),
(637, 4, 'EK Office Fizzword Blue-XII | Intel Core i3 12100, Intel UHD Grapics 730', 'Cluster 3'),
(638, 4, 'EK Gaming BattleStealth Lite | AMD Ryzen 5 4600G, AMD Radeon Vega 7', 'Cluster 3'),
(639, 4, 'EK Office Fizzword PRO Red | AMD Ryzen 5 4600G, AMD Radeon Vega 7', 'Cluster 3'),
(640, 4, 'EK Office Fizzword PRO Blue-XII V2 | Intel Core i5 12400, Intel UHD Grapics 730', 'Cluster 3'),
(641, 4, 'EK Gaming BattleStealth | AMD Ryzen 5 5600GT, AMD Radeon Vega 7', 'Cluster 3'),
(642, 4, 'EK Gaming BattleStealth WHITE | AMD Ryzen 5 5600GT, AMD Radeon Vega 7', 'Cluster 3'),
(643, 4, 'EK Gaming BattleConceptor 580 | AMD Ryzen 5 5500, AMD Radeon RX 580', 'Cluster 3'),
(644, 4, 'EK Gaming BattleFragment 580 | Intel Core i5 10400F,  AMD Radeon RX 580', 'Cluster 3'),
(645, 4, 'EK Gaming BattleFragment PRO 305 | Intel Core i5 11400F, NVIDIA GeForce RTX 3050', 'Cluster 3'),
(646, 4, 'EK Gaming BattleLionz 305 | Intel Core i3 12100F, NVIDIA GeForce RTX 3050', 'Cluster 3'),
(647, 4, 'EK Office EduTech WH D5 | Intel Core i5 12400, Intel UHD Grapics 730', 'Cluster 3'),
(648, 4, 'EK Gaming BattleConceptor 166Ti | AMD Ryzen 5 5500, NVIDIA GeForce GTX 1660 Ti', 'Cluster 3'),
(649, 4, 'EK Gaming BattleFragment PRO 166Ti | Intel Core i5 11400F, NVIDIA GeForce GTX 1660 Ti', 'Cluster 3'),
(650, 4, 'EK Gaming BattleMoonz 650 XT | AMD Ryzen 5 5600, AMD Radeon RX 6500 XT', 'Cluster 3'),
(651, 4, 'EK Gaming BattleMoonz 760 | AMD Ryzen 5 5600, AMD Radeon RX 7600', 'Cluster 3'),
(652, 4, 'EK Theme PRIME GANK | Intel Core i5 12400F, Intel ARC B570', 'Cluster 3'),
(653, 4, 'EK Gaming BattleStar 760 | Intel Core i5 12400F, AMD Radeon RX 7600', 'Cluster 3'),
(654, 4, 'EK Gaming BattleStar 506 | Intel Core i5 12400F, NVIDIA GeForce RTX 5060', 'Cluster 3'),
(655, 4, 'COC Elite Station 1.8 - Paket PC Rakitan Athlon 3000G, AMD Radeon Vega 3', 'Cluster 3'),
(656, 4, 'COC Elite Station 1.9 - Paket PC Rakitan AMD Ryzen 3 3200G, AMD Radeon Vega 8', 'Cluster 3'),
(657, 4, 'COC Offices Box V10.0 - Paket PC Rakitan Office Intel Core i3 10105F, NVIDIA GeForce GT 730 GDDR5', 'Cluster 3'),
(658, 4, 'COC Elite Station 3.0 - Paket PC Rakitan AMD Ryzen 3 4300G, AMD Radeon Vega 6', 'Cluster 3'),
(659, 4, 'COC Elite Station 1.0 - Paket PC Rakitan AMD Ryzen 3 3200G, AMD Radeon Vega 8', 'Cluster 3'),
(660, 4, 'COC Elite Station 4.0 - Paket PC Rakitan AMD Ryzen 5 4600G, AMD Radeon Vega 7', 'Cluster 3'),
(661, 4, 'COC Elite I - Paket AMD Ryzen 3 PRO 4350G, AMD Radeon Vega 6', 'Cluster 3'),
(662, 4, 'COC Elite Pro - Paket AMD Ryzen 5 PRO 4650G, AMD Radeon Vega 7', 'Cluster 3'),
(663, 4, 'COC Mini Box V10.0 - Paket Rakitan Mini PC Intel Pentium Gold G7400, Intel UHD Grapics 710', 'Cluster 3'),
(664, 4, 'COC Elite Station 5.0 - Paket PC Rakitan AMD Ryzen 5 5600G, AMD Radeon Vega 7', 'Cluster 3'),
(665, 4, 'COC Gamers Box V14.3 - Paket PC Rakitan Intel Core i3 10105F, NVIDIA GeForce GTX 1630', 'Cluster 3'),
(666, 4, 'COC Elite Station 7.0 - Paket PC Rakitan AMD Ryzen 5 8500G, AMD Radeon 740M', 'Cluster 3'),
(667, 4, 'COC Gamers Box V14.5 - Paket PC Rakitan Intel Core i3 10105F, NVIDIA GeForce GTX 1050 Ti', 'Cluster 3'),
(668, 4, 'COC Battle Playground V10.0 - Paket PC Rakitan AMD Ryzen 5 3600, AMD Radeon RX 550', 'Cluster 3'),
(669, 4, 'COC Gamers Box V64.0 - Paket PC Rakitan Intel Core i3 12100F, NVIDIA GeForce GTX 1630', 'Cluster 3'),
(670, 4, 'COC Battle Station V13.0 - Paket PC Rakitan AMD Ryzen 5 5500, AMD Radeon RX 6400', 'Cluster 3'),
(671, 4, 'COC Gamers Box V60.0 - Paket PC Rakitan Intel Core i3 12100F, NVIDIA GeForce GTX 1650', 'Cluster 3'),
(672, 4, 'COC Gamers Box V85.0 - Paket PC Rakitan Intel Core i3 13100F, NVIDIA GeForce GTX 1650', 'Cluster 3'),
(673, 4, 'COC Gamers Box V62.0 - Paket PC Rakitan Intel Core i3 12100F, NVIDIA GeForce GTX 1650', 'Cluster 3'),
(674, 4, 'COC Battle Station V20.2 - Paket PC Rakitan AMD Ryzen 5 3600, AMD Radeon RX 6500 XT', 'Cluster 3'),
(675, 4, 'COC Gamers Box V23.0 - Paket PC Rakitan Intel Core i5 10400F, NVIDIA GeForce GTX 1650', 'Cluster 3'),
(676, 4, 'COC Battle Station V12.0 - Paket PC Rakitan AMD Ryzen 5 5600, AMD Radeon RX 6400', 'Cluster 3'),
(677, 4, 'COC Gamers Box V23.5 - Paket PC Rakitan Intel Core i5 11400F, NVIDIA GeForce GTX 1650', 'Cluster 3'),
(678, 4, 'COC Gamers Box V129.8 - Paket PC Rakitan AMD Ryzen 5 5600, NVIDIA GeForce RTX 3050', 'Cluster 3'),
(679, 4, 'COC Gamers Box V65.0 - Paket PC Rakitan Intel Core i5 12400F, NVIDIA GeForce GTX 1650', 'Cluster 3'),
(680, 4, 'COC Battle Station V20.0 - Paket PC Rakitan AMD Ryzen 5 3600, AMD Radeon RX 6500 XT', 'Cluster 3'),
(681, 4, 'COC Gamers Box V68.0 - Paket PC Rakitan Intel Core i5 12400F, NVIDIA GeForce RTX 3050', 'Cluster 3'),
(682, 4, 'COC Battle Station V21.0 - Paket PC Rakitan AMD Ryzen 5 5600X, AMD Radeon RX 6500 XT', 'Cluster 3'),
(683, 4, 'COC Gamers Box V98.0 - Paket PC Rakitan Intel Core i3 13100F, NVIDIA GeForce RTX 3050', 'Cluster 3'),
(684, 4, 'COC Holy Box V18.0 White - Paket PC Rakitan Intel Core i3 12100F, NVIDIA GeForce RTX 3050', 'Cluster 3'),
(685, 4, 'COC Gamers Box V72.0 - PC Rakitan Intel Core i3 12100F, NVIDIA GeForce GTX 1660 SUPER', 'Cluster 3'),
(686, 4, 'COC Holy Box V18.0 White - Paket PC Rakitan AMD Ryzen 5 5500, AMD Radeon RX 6600', 'Cluster 3'),
(687, 4, 'COC Gamers Box V78.5 - Paket PC Rakitan AMD Ryzen 5 5500, NVIDIA GeForce RTX 3050', 'Cluster 3'),
(688, 4, 'COC Gamers Box V71.2 - Paket PC Rakitan Intel Core i3 12100F, NVIDIA GeForce RTX 3060', 'Cluster 3'),
(689, 4, 'COC PC DKID X TLM - Paket PC Rakitan Intel Core i3 13100F, AMD Radeon RX 6600', 'Cluster 3'),
(690, 4, 'COC Gamers Box V75.0 - Paket PC Rakitan Intel Core i5 12400F, NVIDIA GeForce RTX 3050', 'Cluster 3'),
(691, 4, 'COC Battle Station V25.0 - Paket PC Rakitan AMD Ryzen 5 5600X, AMD Radeon RX 6600', 'Cluster 3'),
(692, 4, 'COC Gamers Box V129.8 - Paket PC Rakitan AMD Ryzen 5 5600, NVIDIA GeForce RTX 4060', 'Cluster 3'),
(693, 4, 'COC Battle Station V73.0 - Paket PC Rakitan AMD Ryzen 5 5500, AMD Radeon RX 7600', 'Cluster 3'),
(694, 4, 'COC Gamers Box V25.2 - Paket PC Rakitan Intel Core i5 11400F, NVIDIA GeForce GTX 1660 SUPER', 'Cluster 3'),
(695, 4, 'COC Streamers Box V20.0 - Paket PC Rakitan Intel Core i5 12400F, NVIDIA GeForce RTX 3050', 'Cluster 3'),
(696, 4, 'COC Gamers Box V70.8 - Paket PC Rakitan Intel Core i3 12100F, NVIDIA GeForce RTX 3060', 'Cluster 3'),
(697, 4, 'COC Gamers Box V108.0 - Paket PC Rakitan Intel Core i3 13100F, NVIDIA GeForce RTX 3060', 'Cluster 3'),
(698, 4, 'COC Gamers Box V129.0 - Paket PC Rakitan Intel Core i5 12400F, NVIDIA GeForce RTX 4060', 'Cluster 3'),
(699, 4, 'COC Gamers Box V128.0 - Paket PC Rakitan Intel Core i3 12100F, NVIDIA GeForce RTX 4060', 'Cluster 3'),
(700, 4, 'COC Streamers Box V10.3 - Paket PC Rakitan Intel Core i5 11400F, NVIDIA GeForce RTX 3060', 'Cluster 3'),
(701, 4, 'COC Battle Station V70.0 - Paket PC Rakitan AMD Ryzen 5 5600X, AMD Radeon RX 7600', 'Cluster 3'),
(702, 4, 'COC Gamers Box V125.0 - Paket PC Rakitan Intel Core i3 13100F, NVIDIA GeForce RTX 4060', 'Cluster 3'),
(703, 4, 'COC Gamers Box V33.0 - Paket PC Rakitan AMD Ryzen 5 5600X, NVIDIA GeForce RTX 3060', 'Cluster 3'),
(704, 4, 'COC Streamers Box V13.3 - Paket PC Rakitan Intel Core i5 11400F, NVIDIA GeForce RTX 3060', 'Cluster 3'),
(705, 4, 'COC Battle Station X Gaptech.id V10.0 - Intel Core i5 13400F, 32GB, AMD Radeon RX 6600', 'Cluster 3'),
(706, 4, 'COC Gamers Box V70.0 - Paket PC Rakitan Intel Core i5 12400F, NVIDIA GeForce RTX 3060', 'Cluster 3'),
(707, 4, 'COC Battle Station X Gaptech.id V20.0 - Paket PC Rakitan Intel Core i5 12400F, NVIDIA GeForce RTX 3060 Ti', 'Cluster 3'),
(708, 4, 'COC Gamers Box V78.0 White Edition - Paket PC Rakitan Intel Core i5 12400F, NVIDIA GeForce RTX 3050', 'Cluster 3'),
(709, 4, 'COC Battle Station X Gaptech.id V10.0 - Intel Core i5 13400F, 32GB, AMD Radeon RX 6600', 'Cluster 1');

-- --------------------------------------------------------

--
-- Table structure for table `laporan_hasil_akhir_atribut`
--

CREATE TABLE `laporan_hasil_akhir_atribut` (
  `id` int(11) NOT NULL,
  `id_laporan_hasil_akhir` int(11) NOT NULL,
  `nama_atribut` varchar(250) NOT NULL,
  `nilai` float NOT NULL
) ENGINE=InnoDB DEFAULT CHARSET=utf8mb4 COLLATE=utf8mb4_general_ci;

--
-- Dumping data for table `laporan_hasil_akhir_atribut`
--

INSERT INTO `laporan_hasil_akhir_atribut` (`id`, `id_laporan_hasil_akhir`, `nama_atribut`, `nilai`) VALUES
(5880, 568, 'PPI (CB R23)', 14608),
(5881, 568, 'RAM (GB)', 16),
(5882, 568, 'OS Storage Speed (GB/s)', 2),
(5883, 568, 'OS Storage Capacity (GB)', 512),
(5884, 568, 'GPU PI (GPixel/s)', 42),
(5885, 568, 'VRAM GPU (GB)', 4),
(5886, 568, 'PSU (Watt)', 550),
(5887, 568, 'PSU % Efficiency (80 Plus Cert.)', 82),
(5888, 568, 'Upgradability (PCIe Socket)', 3),
(5889, 568, 'Harga (Juta Rupiah)', 8),
(5890, 569, 'PPI (CB R23)', 13124),
(5891, 569, 'RAM (GB)', 32),
(5892, 569, 'OS Storage Speed (GB/s)', 5),
(5893, 569, 'OS Storage Capacity (GB)', 500),
(5894, 569, 'GPU PI (GPixel/s)', 166),
(5895, 569, 'VRAM GPU (GB)', 8),
(5896, 569, 'PSU (Watt)', 650),
(5897, 569, 'PSU % Efficiency (80 Plus Cert.)', 82),
(5898, 569, 'Upgradability (PCIe Socket)', 2),
(5899, 569, 'Harga (Juta Rupiah)', 13),
(5900, 570, 'PPI (CB R23)', 13783),
(5901, 570, 'RAM (GB)', 32),
(5902, 570, 'OS Storage Speed (GB/s)', 2),
(5903, 570, 'OS Storage Capacity (GB)', 1024),
(5904, 570, 'GPU PI (GPixel/s)', 170),
(5905, 570, 'VRAM GPU (GB)', 8),
(5906, 570, 'PSU (Watt)', 650),
(5907, 570, 'PSU % Efficiency (80 Plus Cert.)', 82),
(5908, 570, 'Upgradability (PCIe Socket)', 2),
(5909, 570, 'Harga (Juta Rupiah)', 13),
(5910, 571, 'PPI (CB R23)', 13124),
(5911, 571, 'RAM (GB)', 32),
(5912, 571, 'OS Storage Speed (GB/s)', 4),
(5913, 571, 'OS Storage Capacity (GB)', 1024),
(5914, 571, 'GPU PI (GPixel/s)', 98),
(5915, 571, 'VRAM GPU (GB)', 12),
(5916, 571, 'PSU (Watt)', 650),
(5917, 571, 'PSU % Efficiency (80 Plus Cert.)', 85),
(5918, 571, 'Upgradability (PCIe Socket)', 4),
(5919, 571, 'Harga (Juta Rupiah)', 13),
(5920, 572, 'PPI (CB R23)', 13783),
(5921, 572, 'RAM (GB)', 32),
(5922, 572, 'OS Storage Speed (GB/s)', 6),
(5923, 572, 'OS Storage Capacity (GB)', 1024),
(5924, 572, 'GPU PI (GPixel/s)', 118),
(5925, 572, 'VRAM GPU (GB)', 8),
(5926, 572, 'PSU (Watt)', 650),
(5927, 572, 'PSU % Efficiency (80 Plus Cert.)', 85),
(5928, 572, 'Upgradability (PCIe Socket)', 3),
(5929, 572, 'Harga (Juta Rupiah)', 15),
(5930, 573, 'PPI (CB R23)', 13124),
(5931, 573, 'RAM (GB)', 32),
(5932, 573, 'OS Storage Speed (GB/s)', 6),
(5933, 573, 'OS Storage Capacity (GB)', 1024),
(5934, 573, 'GPU PI (GPixel/s)', 122),
(5935, 573, 'VRAM GPU (GB)', 8),
(5936, 573, 'PSU (Watt)', 650),
(5937, 573, 'PSU % Efficiency (80 Plus Cert.)', 85),
(5938, 573, 'Upgradability (PCIe Socket)', 3),
(5939, 573, 'Harga (Juta Rupiah)', 15),
(5940, 574, 'PPI (CB R23)', 14003),
(5941, 574, 'RAM (GB)', 32),
(5942, 574, 'OS Storage Speed (GB/s)', 5),
(5943, 574, 'OS Storage Capacity (GB)', 1024),
(5944, 574, 'GPU PI (GPixel/s)', 118),
(5945, 574, 'VRAM GPU (GB)', 8),
(5946, 574, 'PSU (Watt)', 750),
(5947, 574, 'PSU % Efficiency (80 Plus Cert.)', 85),
(5948, 574, 'Upgradability (PCIe Socket)', 3),
(5949, 574, 'Harga (Juta Rupiah)', 16),
(5950, 575, 'PPI (CB R23)', 17050),
(5951, 575, 'RAM (GB)', 32),
(5952, 575, 'OS Storage Speed (GB/s)', 5),
(5953, 575, 'OS Storage Capacity (GB)', 500),
(5954, 575, 'GPU PI (GPixel/s)', 120),
(5955, 575, 'VRAM GPU (GB)', 8),
(5956, 575, 'PSU (Watt)', 650),
(5957, 575, 'PSU % Efficiency (80 Plus Cert.)', 85),
(5958, 575, 'Upgradability (PCIe Socket)', 2),
(5959, 575, 'Harga (Juta Rupiah)', 16),
(5960, 576, 'PPI (CB R23)', 16228),
(5961, 576, 'RAM (GB)', 32),
(5962, 576, 'OS Storage Speed (GB/s)', 6),
(5963, 576, 'OS Storage Capacity (GB)', 1024),
(5964, 576, 'GPU PI (GPixel/s)', 122),
(5965, 576, 'VRAM GPU (GB)', 8),
(5966, 576, 'PSU (Watt)', 650),
(5967, 576, 'PSU % Efficiency (80 Plus Cert.)', 85),
(5968, 576, 'Upgradability (PCIe Socket)', 2),
(5969, 576, 'Harga (Juta Rupiah)', 17),
(5970, 577, 'PPI (CB R23)', 17645),
(5971, 577, 'RAM (GB)', 32),
(5972, 577, 'OS Storage Speed (GB/s)', 6),
(5973, 577, 'OS Storage Capacity (GB)', 1024),
(5974, 577, 'GPU PI (GPixel/s)', 122),
(5975, 577, 'VRAM GPU (GB)', 8),
(5976, 577, 'PSU (Watt)', 650),
(5977, 577, 'PSU % Efficiency (80 Plus Cert.)', 85),
(5978, 577, 'Upgradability (PCIe Socket)', 3),
(5979, 577, 'Harga (Juta Rupiah)', 17),
(5980, 578, 'PPI (CB R23)', 13783),
(5981, 578, 'RAM (GB)', 32),
(5982, 578, 'OS Storage Speed (GB/s)', 7),
(5983, 578, 'OS Storage Capacity (GB)', 1024),
(5984, 578, 'GPU PI (GPixel/s)', 120),
(5985, 578, 'VRAM GPU (GB)', 8),
(5986, 578, 'PSU (Watt)', 600),
(5987, 578, 'PSU % Efficiency (80 Plus Cert.)', 90),
(5988, 578, 'Upgradability (PCIe Socket)', 3),
(5989, 578, 'Harga (Juta Rupiah)', 17),
(5990, 579, 'PPI (CB R23)', 14438),
(5991, 579, 'RAM (GB)', 32),
(5992, 579, 'OS Storage Speed (GB/s)', 6),
(5993, 579, 'OS Storage Capacity (GB)', 1024),
(5994, 579, 'GPU PI (GPixel/s)', 122),
(5995, 579, 'VRAM GPU (GB)', 8),
(5996, 579, 'PSU (Watt)', 650),
(5997, 579, 'PSU % Efficiency (80 Plus Cert.)', 85),
(5998, 579, 'Upgradability (PCIe Socket)', 3),
(5999, 579, 'Harga (Juta Rupiah)', 18),
(6000, 580, 'PPI (CB R23)', 14438),
(6001, 580, 'RAM (GB)', 32),
(6002, 580, 'OS Storage Speed (GB/s)', 5),
(6003, 580, 'OS Storage Capacity (GB)', 1024),
(6004, 580, 'GPU PI (GPixel/s)', 124),
(6005, 580, 'VRAM GPU (GB)', 8),
(6006, 580, 'PSU (Watt)', 650),
(6007, 580, 'PSU % Efficiency (80 Plus Cert.)', 85),
(6008, 580, 'Upgradability (PCIe Socket)', 3),
(6009, 580, 'Harga (Juta Rupiah)', 19),
(6010, 581, 'PPI (CB R23)', 16228),
(6011, 581, 'RAM (GB)', 32),
(6012, 581, 'OS Storage Speed (GB/s)', 5),
(6013, 581, 'OS Storage Capacity (GB)', 1024),
(6014, 581, 'GPU PI (GPixel/s)', 124),
(6015, 581, 'VRAM GPU (GB)', 16),
(6016, 581, 'PSU (Watt)', 650),
(6017, 581, 'PSU % Efficiency (80 Plus Cert.)', 85),
(6018, 581, 'Upgradability (PCIe Socket)', 3),
(6019, 581, 'Harga (Juta Rupiah)', 19),
(6020, 582, 'PPI (CB R23)', 17050),
(6021, 582, 'RAM (GB)', 32),
(6022, 582, 'OS Storage Speed (GB/s)', 7),
(6023, 582, 'OS Storage Capacity (GB)', 1024),
(6024, 582, 'GPU PI (GPixel/s)', 124),
(6025, 582, 'VRAM GPU (GB)', 8),
(6026, 582, 'PSU (Watt)', 600),
(6027, 582, 'PSU % Efficiency (80 Plus Cert.)', 90),
(6028, 582, 'Upgradability (PCIe Socket)', 3),
(6029, 582, 'Harga (Juta Rupiah)', 19),
(6030, 583, 'PPI (CB R23)', 17050),
(6031, 583, 'RAM (GB)', 32),
(6032, 583, 'OS Storage Speed (GB/s)', 7),
(6033, 583, 'OS Storage Capacity (GB)', 1024),
(6034, 583, 'GPU PI (GPixel/s)', 124),
(6035, 583, 'VRAM GPU (GB)', 8),
(6036, 583, 'PSU (Watt)', 650),
(6037, 583, 'PSU % Efficiency (80 Plus Cert.)', 85),
(6038, 583, 'Upgradability (PCIe Socket)', 3),
(6039, 583, 'Harga (Juta Rupiah)', 21),
(6040, 584, 'PPI (CB R23)', 14438),
(6041, 584, 'RAM (GB)', 32),
(6042, 584, 'OS Storage Speed (GB/s)', 5),
(6043, 584, 'OS Storage Capacity (GB)', 1024),
(6044, 584, 'GPU PI (GPixel/s)', 124),
(6045, 584, 'VRAM GPU (GB)', 16),
(6046, 584, 'PSU (Watt)', 650),
(6047, 584, 'PSU % Efficiency (80 Plus Cert.)', 90),
(6048, 584, 'Upgradability (PCIe Socket)', 3),
(6049, 584, 'Harga (Juta Rupiah)', 22),
(6050, 585, 'PPI (CB R23)', 14438),
(6051, 585, 'RAM (GB)', 32),
(6052, 585, 'OS Storage Speed (GB/s)', 5),
(6053, 585, 'OS Storage Capacity (GB)', 1024),
(6054, 585, 'GPU PI (GPixel/s)', 233),
(6055, 585, 'VRAM GPU (GB)', 12),
(6056, 585, 'PSU (Watt)', 650),
(6057, 585, 'PSU % Efficiency (80 Plus Cert.)', 90),
(6058, 585, 'Upgradability (PCIe Socket)', 0),
(6059, 585, 'Harga (Juta Rupiah)', 23),
(6060, 586, 'PPI (CB R23)', 18076),
(6061, 586, 'RAM (GB)', 32),
(6062, 586, 'OS Storage Speed (GB/s)', 7),
(6063, 586, 'OS Storage Capacity (GB)', 1024),
(6064, 586, 'GPU PI (GPixel/s)', 201),
(6065, 586, 'VRAM GPU (GB)', 12),
(6066, 586, 'PSU (Watt)', 750),
(6067, 586, 'PSU % Efficiency (80 Plus Cert.)', 90),
(6068, 586, 'Upgradability (PCIe Socket)', 3),
(6069, 586, 'Harga (Juta Rupiah)', 25),
(6070, 587, 'PPI (CB R23)', 19365),
(6071, 587, 'RAM (GB)', 32),
(6072, 587, 'OS Storage Speed (GB/s)', 7),
(6073, 587, 'OS Storage Capacity (GB)', 1024),
(6074, 587, 'GPU PI (GPixel/s)', 250),
(6075, 587, 'VRAM GPU (GB)', 16),
(6076, 587, 'PSU (Watt)', 850),
(6077, 587, 'PSU % Efficiency (80 Plus Cert.)', 90),
(6078, 587, 'Upgradability (PCIe Socket)', 3),
(6079, 587, 'Harga (Juta Rupiah)', 25),
(6080, 588, 'PPI (CB R23)', 19365),
(6081, 588, 'RAM (GB)', 32),
(6082, 588, 'OS Storage Speed (GB/s)', 7),
(6083, 588, 'OS Storage Capacity (GB)', 1024),
(6084, 588, 'GPU PI (GPixel/s)', 250),
(6085, 588, 'VRAM GPU (GB)', 16),
(6086, 588, 'PSU (Watt)', 850),
(6087, 588, 'PSU % Efficiency (80 Plus Cert.)', 90),
(6088, 588, 'Upgradability (PCIe Socket)', 3),
(6089, 588, 'Harga (Juta Rupiah)', 26),
(6090, 589, 'PPI (CB R23)', 19365),
(6091, 589, 'RAM (GB)', 32),
(6092, 589, 'OS Storage Speed (GB/s)', 5),
(6093, 589, 'OS Storage Capacity (GB)', 1024),
(6094, 589, 'GPU PI (GPixel/s)', 323),
(6095, 589, 'VRAM GPU (GB)', 16),
(6096, 589, 'PSU (Watt)', 750),
(6097, 589, 'PSU % Efficiency (80 Plus Cert.)', 90),
(6098, 589, 'Upgradability (PCIe Socket)', 3),
(6099, 589, 'Harga (Juta Rupiah)', 29),
(6100, 590, 'PPI (CB R23)', 14608),
(6101, 590, 'RAM (GB)', 16),
(6102, 590, 'OS Storage Speed (GB/s)', 3),
(6103, 590, 'OS Storage Capacity (GB)', 512),
(6104, 590, 'GPU PI (GPixel/s)', 42),
(6105, 590, 'VRAM GPU (GB)', 4),
(6106, 590, 'PSU (Watt)', 500),
(6107, 590, 'PSU % Efficiency (80 Plus Cert.)', 85),
(6108, 590, 'Upgradability (PCIe Socket)', 4),
(6109, 590, 'Harga (Juta Rupiah)', 7),
(6110, 591, 'PPI (CB R23)', 15556),
(6111, 591, 'RAM (GB)', 16),
(6112, 591, 'OS Storage Speed (GB/s)', 3),
(6113, 591, 'OS Storage Capacity (GB)', 512),
(6114, 591, 'GPU PI (GPixel/s)', 16),
(6115, 591, 'VRAM GPU (GB)', 4),
(6116, 591, 'PSU (Watt)', 500),
(6117, 591, 'PSU % Efficiency (80 Plus Cert.)', 85),
(6118, 591, 'Upgradability (PCIe Socket)', 2),
(6119, 591, 'Harga (Juta Rupiah)', 8),
(6120, 592, 'PPI (CB R23)', 16129),
(6121, 592, 'RAM (GB)', 16),
(6122, 592, 'OS Storage Speed (GB/s)', 3),
(6123, 592, 'OS Storage Capacity (GB)', 256),
(6124, 592, 'GPU PI (GPixel/s)', 53),
(6125, 592, 'VRAM GPU (GB)', 4),
(6126, 592, 'PSU (Watt)', 500),
(6127, 592, 'PSU % Efficiency (80 Plus Cert.)', 85),
(6128, 592, 'Upgradability (PCIe Socket)', 1),
(6129, 592, 'Harga (Juta Rupiah)', 9),
(6130, 593, 'PPI (CB R23)', 19650),
(6131, 593, 'RAM (GB)', 32),
(6132, 593, 'OS Storage Speed (GB/s)', 3),
(6133, 593, 'OS Storage Capacity (GB)', 512),
(6134, 593, 'GPU PI (GPixel/s)', 86),
(6135, 593, 'VRAM GPU (GB)', 4),
(6136, 593, 'PSU (Watt)', 650),
(6137, 593, 'PSU % Efficiency (80 Plus Cert.)', 85),
(6138, 593, 'Upgradability (PCIe Socket)', 5),
(6139, 593, 'Harga (Juta Rupiah)', 10),
(6140, 594, 'PPI (CB R23)', 16129),
(6141, 594, 'RAM (GB)', 16),
(6142, 594, 'OS Storage Speed (GB/s)', 3),
(6143, 594, 'OS Storage Capacity (GB)', 512),
(6144, 594, 'GPU PI (GPixel/s)', 66),
(6145, 594, 'VRAM GPU (GB)', 6),
(6146, 594, 'PSU (Watt)', 450),
(6147, 594, 'PSU % Efficiency (80 Plus Cert.)', 85),
(6148, 594, 'Upgradability (PCIe Socket)', 0),
(6149, 594, 'Harga (Juta Rupiah)', 10),
(6150, 595, 'PPI (CB R23)', 16129),
(6151, 595, 'RAM (GB)', 16),
(6152, 595, 'OS Storage Speed (GB/s)', 3),
(6153, 595, 'OS Storage Capacity (GB)', 512),
(6154, 595, 'GPU PI (GPixel/s)', 47),
(6155, 595, 'VRAM GPU (GB)', 6),
(6156, 595, 'PSU (Watt)', 600),
(6157, 595, 'PSU % Efficiency (80 Plus Cert.)', 85),
(6158, 595, 'Upgradability (PCIe Socket)', 1),
(6159, 595, 'Harga (Juta Rupiah)', 11),
(6160, 596, 'PPI (CB R23)', 13783),
(6161, 596, 'RAM (GB)', 16),
(6162, 596, 'OS Storage Speed (GB/s)', 6),
(6163, 596, 'OS Storage Capacity (GB)', 1024),
(6164, 596, 'GPU PI (GPixel/s)', 159),
(6165, 596, 'VRAM GPU (GB)', 8),
(6166, 596, 'PSU (Watt)', 500),
(6167, 596, 'PSU % Efficiency (80 Plus Cert.)', 85),
(6168, 596, 'Upgradability (PCIe Socket)', 3),
(6169, 596, 'Harga (Juta Rupiah)', 11),
(6170, 597, 'PPI (CB R23)', 13783),
(6171, 597, 'RAM (GB)', 16),
(6172, 597, 'OS Storage Speed (GB/s)', 6),
(6173, 597, 'OS Storage Capacity (GB)', 1024),
(6174, 597, 'GPU PI (GPixel/s)', 170),
(6175, 597, 'VRAM GPU (GB)', 8),
(6176, 597, 'PSU (Watt)', 650),
(6177, 597, 'PSU % Efficiency (80 Plus Cert.)', 85),
(6178, 597, 'Upgradability (PCIe Socket)', 3),
(6179, 597, 'Harga (Juta Rupiah)', 12),
(6180, 598, 'PPI (CB R23)', 16228),
(6181, 598, 'RAM (GB)', 32),
(6182, 598, 'OS Storage Speed (GB/s)', 6),
(6183, 598, 'OS Storage Capacity (GB)', 1024),
(6184, 598, 'GPU PI (GPixel/s)', 118),
(6185, 598, 'VRAM GPU (GB)', 8),
(6186, 598, 'PSU (Watt)', 600),
(6187, 598, 'PSU % Efficiency (80 Plus Cert.)', 85),
(6188, 598, 'Upgradability (PCIe Socket)', 1),
(6189, 598, 'Harga (Juta Rupiah)', 13),
(6190, 599, 'PPI (CB R23)', 16129),
(6191, 599, 'RAM (GB)', 32),
(6192, 599, 'OS Storage Speed (GB/s)', 6),
(6193, 599, 'OS Storage Capacity (GB)', 1024),
(6194, 599, 'GPU PI (GPixel/s)', 85),
(6195, 599, 'VRAM GPU (GB)', 8),
(6196, 599, 'PSU (Watt)', 600),
(6197, 599, 'PSU % Efficiency (80 Plus Cert.)', 90),
(6198, 599, 'Upgradability (PCIe Socket)', 1),
(6199, 599, 'Harga (Juta Rupiah)', 13),
(6200, 600, 'PPI (CB R23)', 16129),
(6201, 600, 'RAM (GB)', 32),
(6202, 600, 'OS Storage Speed (GB/s)', 6),
(6203, 600, 'OS Storage Capacity (GB)', 500),
(6204, 600, 'GPU PI (GPixel/s)', 118),
(6205, 600, 'VRAM GPU (GB)', 8),
(6206, 600, 'PSU (Watt)', 600),
(6207, 600, 'PSU % Efficiency (80 Plus Cert.)', 85),
(6208, 600, 'Upgradability (PCIe Socket)', 0),
(6209, 600, 'Harga (Juta Rupiah)', 14),
(6210, 601, 'PPI (CB R23)', 16129),
(6211, 601, 'RAM (GB)', 16),
(6212, 601, 'OS Storage Speed (GB/s)', 5),
(6213, 601, 'OS Storage Capacity (GB)', 1024),
(6214, 601, 'GPU PI (GPixel/s)', 159),
(6215, 601, 'VRAM GPU (GB)', 8),
(6216, 601, 'PSU (Watt)', 750),
(6217, 601, 'PSU % Efficiency (80 Plus Cert.)', 85),
(6218, 601, 'Upgradability (PCIe Socket)', 3),
(6219, 601, 'Harga (Juta Rupiah)', 14),
(6220, 602, 'PPI (CB R23)', 16228),
(6221, 602, 'RAM (GB)', 32),
(6222, 602, 'OS Storage Speed (GB/s)', 6),
(6223, 602, 'OS Storage Capacity (GB)', 1024),
(6224, 602, 'GPU PI (GPixel/s)', 118),
(6225, 602, 'VRAM GPU (GB)', 8),
(6226, 602, 'PSU (Watt)', 650),
(6227, 602, 'PSU % Efficiency (80 Plus Cert.)', 85),
(6228, 602, 'Upgradability (PCIe Socket)', 1),
(6229, 602, 'Harga (Juta Rupiah)', 14),
(6230, 603, 'PPI (CB R23)', 16129),
(6231, 603, 'RAM (GB)', 32),
(6232, 603, 'OS Storage Speed (GB/s)', 6),
(6233, 603, 'OS Storage Capacity (GB)', 1024),
(6234, 603, 'GPU PI (GPixel/s)', 118),
(6235, 603, 'VRAM GPU (GB)', 8),
(6236, 603, 'PSU (Watt)', 650),
(6237, 603, 'PSU % Efficiency (80 Plus Cert.)', 85),
(6238, 603, 'Upgradability (PCIe Socket)', 1),
(6239, 603, 'Harga (Juta Rupiah)', 14),
(6240, 604, 'PPI (CB R23)', 14003),
(6241, 604, 'RAM (GB)', 32),
(6242, 604, 'OS Storage Speed (GB/s)', 6),
(6243, 604, 'OS Storage Capacity (GB)', 500),
(6244, 604, 'GPU PI (GPixel/s)', 170),
(6245, 604, 'VRAM GPU (GB)', 8),
(6246, 604, 'PSU (Watt)', 600),
(6247, 604, 'PSU % Efficiency (80 Plus Cert.)', 90),
(6248, 604, 'Upgradability (PCIe Socket)', 3),
(6249, 604, 'Harga (Juta Rupiah)', 14),
(6250, 605, 'PPI (CB R23)', 14003),
(6251, 605, 'RAM (GB)', 32),
(6252, 605, 'OS Storage Speed (GB/s)', 6),
(6253, 605, 'OS Storage Capacity (GB)', 500),
(6254, 605, 'GPU PI (GPixel/s)', 170),
(6255, 605, 'VRAM GPU (GB)', 8),
(6256, 605, 'PSU (Watt)', 600),
(6257, 605, 'PSU % Efficiency (80 Plus Cert.)', 90),
(6258, 605, 'Upgradability (PCIe Socket)', 3),
(6259, 605, 'Harga (Juta Rupiah)', 14),
(6260, 606, 'PPI (CB R23)', 16129),
(6261, 606, 'RAM (GB)', 32),
(6262, 606, 'OS Storage Speed (GB/s)', 3),
(6263, 606, 'OS Storage Capacity (GB)', 512),
(6264, 606, 'GPU PI (GPixel/s)', 98),
(6265, 606, 'VRAM GPU (GB)', 12),
(6266, 606, 'PSU (Watt)', 600),
(6267, 606, 'PSU % Efficiency (80 Plus Cert.)', 90),
(6268, 606, 'Upgradability (PCIe Socket)', 3),
(6269, 606, 'Harga (Juta Rupiah)', 14),
(6270, 607, 'PPI (CB R23)', 14003),
(6271, 607, 'RAM (GB)', 32),
(6272, 607, 'OS Storage Speed (GB/s)', 5),
(6273, 607, 'OS Storage Capacity (GB)', 1024),
(6274, 607, 'GPU PI (GPixel/s)', 159),
(6275, 607, 'VRAM GPU (GB)', 8),
(6276, 607, 'PSU (Watt)', 750),
(6277, 607, 'PSU % Efficiency (80 Plus Cert.)', 85),
(6278, 607, 'Upgradability (PCIe Socket)', 4),
(6279, 607, 'Harga (Juta Rupiah)', 15),
(6280, 608, 'PPI (CB R23)', 14003),
(6281, 608, 'RAM (GB)', 32),
(6282, 608, 'OS Storage Speed (GB/s)', 5),
(6283, 608, 'OS Storage Capacity (GB)', 1024),
(6284, 608, 'GPU PI (GPixel/s)', 170),
(6285, 608, 'VRAM GPU (GB)', 8),
(6286, 608, 'PSU (Watt)', 750),
(6287, 608, 'PSU % Efficiency (80 Plus Cert.)', 85),
(6288, 608, 'Upgradability (PCIe Socket)', 4),
(6289, 608, 'Harga (Juta Rupiah)', 16),
(6290, 609, 'PPI (CB R23)', 13783),
(6291, 609, 'RAM (GB)', 32),
(6292, 609, 'OS Storage Speed (GB/s)', 6),
(6293, 609, 'OS Storage Capacity (GB)', 1024),
(6294, 609, 'GPU PI (GPixel/s)', 118),
(6295, 609, 'VRAM GPU (GB)', 8),
(6296, 609, 'PSU (Watt)', 600),
(6297, 609, 'PSU % Efficiency (80 Plus Cert.)', 85),
(6298, 609, 'Upgradability (PCIe Socket)', 2),
(6299, 609, 'Harga (Juta Rupiah)', 15),
(6300, 610, 'PPI (CB R23)', 14438),
(6301, 610, 'RAM (GB)', 32),
(6302, 610, 'OS Storage Speed (GB/s)', 6),
(6303, 610, 'OS Storage Capacity (GB)', 1024),
(6304, 610, 'GPU PI (GPixel/s)', 170),
(6305, 610, 'VRAM GPU (GB)', 8),
(6306, 610, 'PSU (Watt)', 600),
(6307, 610, 'PSU % Efficiency (80 Plus Cert.)', 90),
(6308, 610, 'Upgradability (PCIe Socket)', 3),
(6309, 610, 'Harga (Juta Rupiah)', 15),
(6310, 611, 'PPI (CB R23)', 13783),
(6311, 611, 'RAM (GB)', 32),
(6312, 611, 'OS Storage Speed (GB/s)', 6),
(6313, 611, 'OS Storage Capacity (GB)', 1024),
(6314, 611, 'GPU PI (GPixel/s)', 170),
(6315, 611, 'VRAM GPU (GB)', 8),
(6316, 611, 'PSU (Watt)', 600),
(6317, 611, 'PSU % Efficiency (80 Plus Cert.)', 90),
(6318, 611, 'Upgradability (PCIe Socket)', 3),
(6319, 611, 'Harga (Juta Rupiah)', 15),
(6320, 612, 'PPI (CB R23)', 16129),
(6321, 612, 'RAM (GB)', 32),
(6322, 612, 'OS Storage Speed (GB/s)', 6),
(6323, 612, 'OS Storage Capacity (GB)', 1024),
(6324, 612, 'GPU PI (GPixel/s)', 118),
(6325, 612, 'VRAM GPU (GB)', 8),
(6326, 612, 'PSU (Watt)', 600),
(6327, 612, 'PSU % Efficiency (80 Plus Cert.)', 90),
(6328, 612, 'Upgradability (PCIe Socket)', 3),
(6329, 612, 'Harga (Juta Rupiah)', 16),
(6330, 613, 'PPI (CB R23)', 16129),
(6331, 613, 'RAM (GB)', 32),
(6332, 613, 'OS Storage Speed (GB/s)', 5),
(6333, 613, 'OS Storage Capacity (GB)', 1024),
(6334, 613, 'GPU PI (GPixel/s)', 118),
(6335, 613, 'VRAM GPU (GB)', 8),
(6336, 613, 'PSU (Watt)', 650),
(6337, 613, 'PSU % Efficiency (80 Plus Cert.)', 85),
(6338, 613, 'Upgradability (PCIe Socket)', 4),
(6339, 613, 'Harga (Juta Rupiah)', 17),
(6340, 614, 'PPI (CB R23)', 16129),
(6341, 614, 'RAM (GB)', 32),
(6342, 614, 'OS Storage Speed (GB/s)', 6),
(6343, 614, 'OS Storage Capacity (GB)', 500),
(6344, 614, 'GPU PI (GPixel/s)', 122),
(6345, 614, 'VRAM GPU (GB)', 8),
(6346, 614, 'PSU (Watt)', 850),
(6347, 614, 'PSU % Efficiency (80 Plus Cert.)', 90),
(6348, 614, 'Upgradability (PCIe Socket)', 4),
(6349, 614, 'Harga (Juta Rupiah)', 18),
(6350, 615, 'PPI (CB R23)', 14438),
(6351, 615, 'RAM (GB)', 32),
(6352, 615, 'OS Storage Speed (GB/s)', 6),
(6353, 615, 'OS Storage Capacity (GB)', 500),
(6354, 615, 'GPU PI (GPixel/s)', 159),
(6355, 615, 'VRAM GPU (GB)', 8),
(6356, 615, 'PSU (Watt)', 600),
(6357, 615, 'PSU % Efficiency (80 Plus Cert.)', 90),
(6358, 615, 'Upgradability (PCIe Socket)', 3),
(6359, 615, 'Harga (Juta Rupiah)', 18),
(6360, 616, 'PPI (CB R23)', 16364),
(6361, 616, 'RAM (GB)', 32),
(6362, 616, 'OS Storage Speed (GB/s)', 3),
(6363, 616, 'OS Storage Capacity (GB)', 512),
(6364, 616, 'GPU PI (GPixel/s)', 179),
(6365, 616, 'VRAM GPU (GB)', 12),
(6366, 616, 'PSU (Watt)', 850),
(6367, 616, 'PSU % Efficiency (80 Plus Cert.)', 90),
(6368, 616, 'Upgradability (PCIe Socket)', 3),
(6369, 616, 'Harga (Juta Rupiah)', 18),
(6370, 617, 'PPI (CB R23)', 16364),
(6371, 617, 'RAM (GB)', 32),
(6372, 617, 'OS Storage Speed (GB/s)', 3),
(6373, 617, 'OS Storage Capacity (GB)', 512),
(6374, 617, 'GPU PI (GPixel/s)', 177),
(6375, 617, 'VRAM GPU (GB)', 8),
(6376, 617, 'PSU (Watt)', 850),
(6377, 617, 'PSU % Efficiency (80 Plus Cert.)', 90),
(6378, 617, 'Upgradability (PCIe Socket)', 2),
(6379, 617, 'Harga (Juta Rupiah)', 20),
(6380, 618, 'PPI (CB R23)', 13783),
(6381, 618, 'RAM (GB)', 32),
(6382, 618, 'OS Storage Speed (GB/s)', 4),
(6383, 618, 'OS Storage Capacity (GB)', 1024),
(6384, 618, 'GPU PI (GPixel/s)', 122),
(6385, 618, 'VRAM GPU (GB)', 8),
(6386, 618, 'PSU (Watt)', 750),
(6387, 618, 'PSU % Efficiency (80 Plus Cert.)', 90),
(6388, 618, 'Upgradability (PCIe Socket)', 0),
(6389, 618, 'Harga (Juta Rupiah)', 20),
(6390, 619, 'PPI (CB R23)', 13783),
(6391, 619, 'RAM (GB)', 32),
(6392, 619, 'OS Storage Speed (GB/s)', 4),
(6393, 619, 'OS Storage Capacity (GB)', 1024),
(6394, 619, 'GPU PI (GPixel/s)', 122),
(6395, 619, 'VRAM GPU (GB)', 8),
(6396, 619, 'PSU (Watt)', 750),
(6397, 619, 'PSU % Efficiency (80 Plus Cert.)', 90),
(6398, 619, 'Upgradability (PCIe Socket)', 0),
(6399, 619, 'Harga (Juta Rupiah)', 21),
(6400, 620, 'PPI (CB R23)', 20613),
(6401, 620, 'RAM (GB)', 32),
(6402, 620, 'OS Storage Speed (GB/s)', 6),
(6403, 620, 'OS Storage Capacity (GB)', 500),
(6404, 620, 'GPU PI (GPixel/s)', 179),
(6405, 620, 'VRAM GPU (GB)', 12),
(6406, 620, 'PSU (Watt)', 850),
(6407, 620, 'PSU % Efficiency (80 Plus Cert.)', 90),
(6408, 620, 'Upgradability (PCIe Socket)', 4),
(6409, 620, 'Harga (Juta Rupiah)', 24),
(6410, 621, 'PPI (CB R23)', 15903),
(6411, 621, 'RAM (GB)', 32),
(6412, 621, 'OS Storage Speed (GB/s)', 3),
(6413, 621, 'OS Storage Capacity (GB)', 1024),
(6414, 621, 'GPU PI (GPixel/s)', 122),
(6415, 621, 'VRAM GPU (GB)', 8),
(6416, 621, 'PSU (Watt)', 750),
(6417, 621, 'PSU % Efficiency (80 Plus Cert.)', 90),
(6418, 621, 'Upgradability (PCIe Socket)', 6),
(6419, 621, 'Harga (Juta Rupiah)', 26),
(6420, 622, 'PPI (CB R23)', 16129),
(6421, 622, 'RAM (GB)', 32),
(6422, 622, 'OS Storage Speed (GB/s)', 6),
(6423, 622, 'OS Storage Capacity (GB)', 1024),
(6424, 622, 'GPU PI (GPixel/s)', 233),
(6425, 622, 'VRAM GPU (GB)', 12),
(6426, 622, 'PSU (Watt)', 850),
(6427, 622, 'PSU % Efficiency (80 Plus Cert.)', 90),
(6428, 622, 'Upgradability (PCIe Socket)', 5),
(6429, 622, 'Harga (Juta Rupiah)', 32),
(6430, 623, 'PPI (CB R23)', 24926),
(6431, 623, 'RAM (GB)', 32),
(6432, 623, 'OS Storage Speed (GB/s)', 7),
(6433, 623, 'OS Storage Capacity (GB)', 1024),
(6434, 623, 'GPU PI (GPixel/s)', 380),
(6435, 623, 'VRAM GPU (GB)', 16),
(6436, 623, 'PSU (Watt)', 850),
(6437, 623, 'PSU % Efficiency (80 Plus Cert.)', 90),
(6438, 623, 'Upgradability (PCIe Socket)', 5),
(6439, 623, 'Harga (Juta Rupiah)', 33),
(6440, 624, 'PPI (CB R23)', 24789),
(6441, 624, 'RAM (GB)', 32),
(6442, 624, 'OS Storage Speed (GB/s)', 6),
(6443, 624, 'OS Storage Capacity (GB)', 1024),
(6444, 624, 'GPU PI (GPixel/s)', 182),
(6445, 624, 'VRAM GPU (GB)', 8),
(6446, 624, 'PSU (Watt)', 600),
(6447, 624, 'PSU % Efficiency (80 Plus Cert.)', 85),
(6448, 624, 'Upgradability (PCIe Socket)', 1),
(6449, 624, 'Harga (Juta Rupiah)', 15),
(6450, 625, 'PPI (CB R23)', 24094),
(6451, 625, 'RAM (GB)', 32),
(6452, 625, 'OS Storage Speed (GB/s)', 3),
(6453, 625, 'OS Storage Capacity (GB)', 512),
(6454, 625, 'GPU PI (GPixel/s)', 144),
(6455, 625, 'VRAM GPU (GB)', 8),
(6456, 625, 'PSU (Watt)', 600),
(6457, 625, 'PSU % Efficiency (80 Plus Cert.)', 90),
(6458, 625, 'Upgradability (PCIe Socket)', 2),
(6459, 625, 'Harga (Juta Rupiah)', 18),
(6460, 626, 'PPI (CB R23)', 30301),
(6461, 626, 'RAM (GB)', 32),
(6462, 626, 'OS Storage Speed (GB/s)', 3),
(6463, 626, 'OS Storage Capacity (GB)', 512),
(6464, 626, 'GPU PI (GPixel/s)', 144),
(6465, 626, 'VRAM GPU (GB)', 8),
(6466, 626, 'PSU (Watt)', 600),
(6467, 626, 'PSU % Efficiency (80 Plus Cert.)', 90),
(6468, 626, 'Upgradability (PCIe Socket)', 2),
(6469, 626, 'Harga (Juta Rupiah)', 20),
(6470, 627, 'PPI (CB R23)', 30301),
(6471, 627, 'RAM (GB)', 32),
(6472, 627, 'OS Storage Speed (GB/s)', 6),
(6473, 627, 'OS Storage Capacity (GB)', 500),
(6474, 627, 'GPU PI (GPixel/s)', 122),
(6475, 627, 'VRAM GPU (GB)', 8),
(6476, 627, 'PSU (Watt)', 850),
(6477, 627, 'PSU % Efficiency (80 Plus Cert.)', 90),
(6478, 627, 'Upgradability (PCIe Socket)', 4),
(6479, 627, 'Harga (Juta Rupiah)', 21),
(6480, 628, 'PPI (CB R23)', 35824),
(6481, 628, 'RAM (GB)', 32),
(6482, 628, 'OS Storage Speed (GB/s)', 6),
(6483, 628, 'OS Storage Capacity (GB)', 1024),
(6484, 628, 'GPU PI (GPixel/s)', 219),
(6485, 628, 'VRAM GPU (GB)', 12),
(6486, 628, 'PSU (Watt)', 850),
(6487, 628, 'PSU % Efficiency (80 Plus Cert.)', 90),
(6488, 628, 'Upgradability (PCIe Socket)', 4),
(6489, 628, 'Harga (Juta Rupiah)', 26),
(6490, 629, 'PPI (CB R23)', 30301),
(6491, 629, 'RAM (GB)', 32),
(6492, 629, 'OS Storage Speed (GB/s)', 3),
(6493, 629, 'OS Storage Capacity (GB)', 1024),
(6494, 629, 'GPU PI (GPixel/s)', 233),
(6495, 629, 'VRAM GPU (GB)', 12),
(6496, 629, 'PSU (Watt)', 850),
(6497, 629, 'PSU % Efficiency (80 Plus Cert.)', 90),
(6498, 629, 'Upgradability (PCIe Socket)', 3),
(6499, 629, 'Harga (Juta Rupiah)', 29),
(6500, 630, 'PPI (CB R23)', 31458),
(6501, 630, 'RAM (GB)', 32),
(6502, 630, 'OS Storage Speed (GB/s)', 4),
(6503, 630, 'OS Storage Capacity (GB)', 1024),
(6504, 630, 'GPU PI (GPixel/s)', 233),
(6505, 630, 'VRAM GPU (GB)', 12),
(6506, 630, 'PSU (Watt)', 850),
(6507, 630, 'PSU % Efficiency (80 Plus Cert.)', 90),
(6508, 630, 'Upgradability (PCIe Socket)', 6),
(6509, 630, 'Harga (Juta Rupiah)', 33),
(6510, 631, 'PPI (CB R23)', 31044),
(6511, 631, 'RAM (GB)', 32),
(6512, 631, 'OS Storage Speed (GB/s)', 6),
(6513, 631, 'OS Storage Capacity (GB)', 500),
(6514, 631, 'GPU PI (GPixel/s)', 480),
(6515, 631, 'VRAM GPU (GB)', 20),
(6516, 631, 'PSU (Watt)', 1000),
(6517, 631, 'PSU % Efficiency (80 Plus Cert.)', 90),
(6518, 631, 'Upgradability (PCIe Socket)', 3),
(6519, 631, 'Harga (Juta Rupiah)', 35),
(6520, 632, 'PPI (CB R23)', 35824),
(6521, 632, 'RAM (GB)', 32),
(6522, 632, 'OS Storage Speed (GB/s)', 6),
(6523, 632, 'OS Storage Capacity (GB)', 2048),
(6524, 632, 'GPU PI (GPixel/s)', 273),
(6525, 632, 'VRAM GPU (GB)', 16),
(6526, 632, 'PSU (Watt)', 850),
(6527, 632, 'PSU % Efficiency (80 Plus Cert.)', 90),
(6528, 632, 'Upgradability (PCIe Socket)', 4),
(6529, 632, 'Harga (Juta Rupiah)', 42),
(6530, 633, 'PPI (CB R23)', 30301),
(6531, 633, 'RAM (GB)', 32),
(6532, 633, 'OS Storage Speed (GB/s)', 6),
(6533, 633, 'OS Storage Capacity (GB)', 1024),
(6534, 633, 'GPU PI (GPixel/s)', 315),
(6535, 633, 'VRAM GPU (GB)', 16),
(6536, 633, 'PSU (Watt)', 1000),
(6537, 633, 'PSU % Efficiency (80 Plus Cert.)', 90),
(6538, 633, 'Upgradability (PCIe Socket)', 5),
(6539, 633, 'Harga (Juta Rupiah)', 45),
(6540, 634, 'PPI (CB R23)', 43601),
(6541, 634, 'RAM (GB)', 32),
(6542, 634, 'OS Storage Speed (GB/s)', 7),
(6543, 634, 'OS Storage Capacity (GB)', 1024),
(6544, 634, 'GPU PI (GPixel/s)', 302),
(6545, 634, 'VRAM GPU (GB)', 16),
(6546, 634, 'PSU (Watt)', 1000),
(6547, 634, 'PSU % Efficiency (80 Plus Cert.)', 90),
(6548, 634, 'Upgradability (PCIe Socket)', 5),
(6549, 634, 'Harga (Juta Rupiah)', 55),
(6550, 635, 'PPI (CB R23)', 3549),
(6551, 635, 'RAM (GB)', 8),
(6552, 635, 'OS Storage Speed (GB/s)', 3),
(6553, 635, 'OS Storage Capacity (GB)', 256),
(6554, 635, 'GPU PI (GPixel/s)', 9),
(6555, 635, 'VRAM GPU (GB)', 4),
(6556, 635, 'PSU (Watt)', 500),
(6557, 635, 'PSU % Efficiency (80 Plus Cert.)', 60),
(6558, 635, 'Upgradability (PCIe Socket)', 2),
(6559, 635, 'Harga (Juta Rupiah)', 3),
(6560, 636, 'PPI (CB R23)', 5678),
(6561, 636, 'RAM (GB)', 8),
(6562, 636, 'OS Storage Speed (GB/s)', 1),
(6563, 636, 'OS Storage Capacity (GB)', 256),
(6564, 636, 'GPU PI (GPixel/s)', 4),
(6565, 636, 'VRAM GPU (GB)', 2),
(6566, 636, 'PSU (Watt)', 500),
(6567, 636, 'PSU % Efficiency (80 Plus Cert.)', 60),
(6568, 636, 'Upgradability (PCIe Socket)', 3),
(6569, 636, 'Harga (Juta Rupiah)', 3),
(6570, 637, 'PPI (CB R23)', 8218),
(6571, 637, 'RAM (GB)', 8),
(6572, 637, 'OS Storage Speed (GB/s)', 3),
(6573, 637, 'OS Storage Capacity (GB)', 256),
(6574, 637, 'GPU PI (GPixel/s)', 10),
(6575, 637, 'VRAM GPU (GB)', 2),
(6576, 637, 'PSU (Watt)', 500),
(6577, 637, 'PSU % Efficiency (80 Plus Cert.)', 60),
(6578, 637, 'Upgradability (PCIe Socket)', 3),
(6579, 637, 'Harga (Juta Rupiah)', 4),
(6580, 638, 'PPI (CB R23)', 9031),
(6581, 638, 'RAM (GB)', 16),
(6582, 638, 'OS Storage Speed (GB/s)', 1),
(6583, 638, 'OS Storage Capacity (GB)', 256),
(6584, 638, 'GPU PI (GPixel/s)', 15),
(6585, 638, 'VRAM GPU (GB)', 4),
(6586, 638, 'PSU (Watt)', 450),
(6587, 638, 'PSU % Efficiency (80 Plus Cert.)', 82),
(6588, 638, 'Upgradability (PCIe Socket)', 2),
(6589, 638, 'Harga (Juta Rupiah)', 4),
(6590, 639, 'PPI (CB R23)', 9031),
(6591, 639, 'RAM (GB)', 16),
(6592, 639, 'OS Storage Speed (GB/s)', 1),
(6593, 639, 'OS Storage Capacity (GB)', 512),
(6594, 639, 'GPU PI (GPixel/s)', 15),
(6595, 639, 'VRAM GPU (GB)', 4),
(6596, 639, 'PSU (Watt)', 500),
(6597, 639, 'PSU % Efficiency (80 Plus Cert.)', 60),
(6598, 639, 'Upgradability (PCIe Socket)', 2),
(6599, 639, 'Harga (Juta Rupiah)', 4),
(6600, 640, 'PPI (CB R23)', 10369),
(6601, 640, 'RAM (GB)', 16),
(6602, 640, 'OS Storage Speed (GB/s)', 1),
(6603, 640, 'OS Storage Capacity (GB)', 256),
(6604, 640, 'GPU PI (GPixel/s)', 10),
(6605, 640, 'VRAM GPU (GB)', 2),
(6606, 640, 'PSU (Watt)', 500),
(6607, 640, 'PSU % Efficiency (80 Plus Cert.)', 60),
(6608, 640, 'Upgradability (PCIe Socket)', 3),
(6609, 640, 'Harga (Juta Rupiah)', 5),
(6610, 641, 'PPI (CB R23)', 11172),
(6611, 641, 'RAM (GB)', 16),
(6612, 641, 'OS Storage Speed (GB/s)', 2),
(6613, 641, 'OS Storage Capacity (GB)', 512),
(6614, 641, 'GPU PI (GPixel/s)', 15),
(6615, 641, 'VRAM GPU (GB)', 4),
(6616, 641, 'PSU (Watt)', 550),
(6617, 641, 'PSU % Efficiency (80 Plus Cert.)', 82),
(6618, 641, 'Upgradability (PCIe Socket)', 2),
(6619, 641, 'Harga (Juta Rupiah)', 5),
(6620, 642, 'PPI (CB R23)', 11172),
(6621, 642, 'RAM (GB)', 16),
(6622, 642, 'OS Storage Speed (GB/s)', 2),
(6623, 642, 'OS Storage Capacity (GB)', 512),
(6624, 642, 'GPU PI (GPixel/s)', 15),
(6625, 642, 'VRAM GPU (GB)', 4),
(6626, 642, 'PSU (Watt)', 550),
(6627, 642, 'PSU % Efficiency (80 Plus Cert.)', 82),
(6628, 642, 'Upgradability (PCIe Socket)', 2),
(6629, 642, 'Harga (Juta Rupiah)', 5),
(6630, 643, 'PPI (CB R23)', 10005),
(6631, 643, 'RAM (GB)', 16),
(6632, 643, 'OS Storage Speed (GB/s)', 5),
(6633, 643, 'OS Storage Capacity (GB)', 500),
(6634, 643, 'GPU PI (GPixel/s)', 41),
(6635, 643, 'VRAM GPU (GB)', 8),
(6636, 643, 'PSU (Watt)', 550),
(6637, 643, 'PSU % Efficiency (80 Plus Cert.)', 82),
(6638, 643, 'Upgradability (PCIe Socket)', 2),
(6639, 643, 'Harga (Juta Rupiah)', 6),
(6640, 644, 'PPI (CB R23)', 7291),
(6641, 644, 'RAM (GB)', 16),
(6642, 644, 'OS Storage Speed (GB/s)', 2),
(6643, 644, 'OS Storage Capacity (GB)', 512),
(6644, 644, 'GPU PI (GPixel/s)', 41),
(6645, 644, 'VRAM GPU (GB)', 8),
(6646, 644, 'PSU (Watt)', 550),
(6647, 644, 'PSU % Efficiency (80 Plus Cert.)', 82),
(6648, 644, 'Upgradability (PCIe Socket)', 3),
(6649, 644, 'Harga (Juta Rupiah)', 6),
(6650, 645, 'PPI (CB R23)', 9650),
(6651, 645, 'RAM (GB)', 16),
(6652, 645, 'OS Storage Speed (GB/s)', 1),
(6653, 645, 'OS Storage Capacity (GB)', 512),
(6654, 645, 'GPU PI (GPixel/s)', 47),
(6655, 645, 'VRAM GPU (GB)', 6),
(6656, 645, 'PSU (Watt)', 550),
(6657, 645, 'PSU % Efficiency (80 Plus Cert.)', 82),
(6658, 645, 'Upgradability (PCIe Socket)', 3),
(6659, 645, 'Harga (Juta Rupiah)', 7),
(6660, 646, 'PPI (CB R23)', 8218),
(6661, 646, 'RAM (GB)', 16),
(6662, 646, 'OS Storage Speed (GB/s)', 5),
(6663, 646, 'OS Storage Capacity (GB)', 500),
(6664, 646, 'GPU PI (GPixel/s)', 47),
(6665, 646, 'VRAM GPU (GB)', 6),
(6666, 646, 'PSU (Watt)', 550),
(6667, 646, 'PSU % Efficiency (80 Plus Cert.)', 82),
(6668, 646, 'Upgradability (PCIe Socket)', 3),
(6669, 646, 'Harga (Juta Rupiah)', 7),
(6670, 647, 'PPI (CB R23)', 10369),
(6671, 647, 'RAM (GB)', 32),
(6672, 647, 'OS Storage Speed (GB/s)', 5),
(6673, 647, 'OS Storage Capacity (GB)', 500),
(6674, 647, 'GPU PI (GPixel/s)', 10),
(6675, 647, 'VRAM GPU (GB)', 2),
(6676, 647, 'PSU (Watt)', 650),
(6677, 647, 'PSU % Efficiency (80 Plus Cert.)', 82),
(6678, 647, 'Upgradability (PCIe Socket)', 2),
(6679, 647, 'Harga (Juta Rupiah)', 8),
(6680, 648, 'PPI (CB R23)', 10005),
(6681, 648, 'RAM (GB)', 16),
(6682, 648, 'OS Storage Speed (GB/s)', 5),
(6683, 648, 'OS Storage Capacity (GB)', 500),
(6684, 648, 'GPU PI (GPixel/s)', 85),
(6685, 648, 'VRAM GPU (GB)', 6),
(6686, 648, 'PSU (Watt)', 550),
(6687, 648, 'PSU % Efficiency (80 Plus Cert.)', 82),
(6688, 648, 'Upgradability (PCIe Socket)', 2),
(6689, 648, 'Harga (Juta Rupiah)', 8),
(6690, 649, 'PPI (CB R23)', 9650),
(6691, 649, 'RAM (GB)', 16),
(6692, 649, 'OS Storage Speed (GB/s)', 5),
(6693, 649, 'OS Storage Capacity (GB)', 500),
(6694, 649, 'GPU PI (GPixel/s)', 85),
(6695, 649, 'VRAM GPU (GB)', 6),
(6696, 649, 'PSU (Watt)', 550),
(6697, 649, 'PSU % Efficiency (80 Plus Cert.)', 82),
(6698, 649, 'Upgradability (PCIe Socket)', 3),
(6699, 649, 'Harga (Juta Rupiah)', 8),
(6700, 650, 'PPI (CB R23)', 10764),
(6701, 650, 'RAM (GB)', 16),
(6702, 650, 'OS Storage Speed (GB/s)', 2),
(6703, 650, 'OS Storage Capacity (GB)', 512),
(6704, 650, 'GPU PI (GPixel/s)', 90),
(6705, 650, 'VRAM GPU (GB)', 4),
(6706, 650, 'PSU (Watt)', 650),
(6707, 650, 'PSU % Efficiency (80 Plus Cert.)', 82),
(6708, 650, 'Upgradability (PCIe Socket)', 3),
(6709, 650, 'Harga (Juta Rupiah)', 9),
(6710, 651, 'PPI (CB R23)', 10764),
(6711, 651, 'RAM (GB)', 16),
(6712, 651, 'OS Storage Speed (GB/s)', 2),
(6713, 651, 'OS Storage Capacity (GB)', 1024),
(6714, 651, 'GPU PI (GPixel/s)', 170),
(6715, 651, 'VRAM GPU (GB)', 8),
(6716, 651, 'PSU (Watt)', 650),
(6717, 651, 'PSU % Efficiency (80 Plus Cert.)', 85),
(6718, 651, 'Upgradability (PCIe Socket)', 3),
(6719, 651, 'Harga (Juta Rupiah)', 11),
(6720, 652, 'PPI (CB R23)', 10369),
(6721, 652, 'RAM (GB)', 32),
(6722, 652, 'OS Storage Speed (GB/s)', 4),
(6723, 652, 'OS Storage Capacity (GB)', 1024),
(6724, 652, 'GPU PI (GPixel/s)', 160),
(6725, 652, 'VRAM GPU (GB)', 10),
(6726, 652, 'PSU (Watt)', 650),
(6727, 652, 'PSU % Efficiency (80 Plus Cert.)', 85),
(6728, 652, 'Upgradability (PCIe Socket)', 4),
(6729, 652, 'Harga (Juta Rupiah)', 12),
(6730, 653, 'PPI (CB R23)', 10369),
(6731, 653, 'RAM (GB)', 32),
(6732, 653, 'OS Storage Speed (GB/s)', 4),
(6733, 653, 'OS Storage Capacity (GB)', 1024),
(6734, 653, 'GPU PI (GPixel/s)', 170),
(6735, 653, 'VRAM GPU (GB)', 8),
(6736, 653, 'PSU (Watt)', 650),
(6737, 653, 'PSU % Efficiency (80 Plus Cert.)', 85),
(6738, 653, 'Upgradability (PCIe Socket)', 4),
(6739, 653, 'Harga (Juta Rupiah)', 12),
(6740, 654, 'PPI (CB R23)', 10369),
(6741, 654, 'RAM (GB)', 16),
(6742, 654, 'OS Storage Speed (GB/s)', 6),
(6743, 654, 'OS Storage Capacity (GB)', 1024),
(6744, 654, 'GPU PI (GPixel/s)', 120),
(6745, 654, 'VRAM GPU (GB)', 8),
(6746, 654, 'PSU (Watt)', 650),
(6747, 654, 'PSU % Efficiency (80 Plus Cert.)', 82),
(6748, 654, 'Upgradability (PCIe Socket)', 3),
(6749, 654, 'Harga (Juta Rupiah)', 13),
(6750, 655, 'PPI (CB R23)', 2264),
(6751, 655, 'RAM (GB)', 8),
(6752, 655, 'OS Storage Speed (GB/s)', 1),
(6753, 655, 'OS Storage Capacity (GB)', 256),
(6754, 655, 'GPU PI (GPixel/s)', 4),
(6755, 655, 'VRAM GPU (GB)', 4),
(6756, 655, 'PSU (Watt)', 400),
(6757, 655, 'PSU % Efficiency (80 Plus Cert.)', 82),
(6758, 655, 'Upgradability (PCIe Socket)', 4),
(6759, 655, 'Harga (Juta Rupiah)', 3),
(6760, 656, 'PPI (CB R23)', 3549),
(6761, 656, 'RAM (GB)', 8),
(6762, 656, 'OS Storage Speed (GB/s)', 1),
(6763, 656, 'OS Storage Capacity (GB)', 240),
(6764, 656, 'GPU PI (GPixel/s)', 9),
(6765, 656, 'VRAM GPU (GB)', 4),
(6766, 656, 'PSU (Watt)', 450),
(6767, 656, 'PSU % Efficiency (80 Plus Cert.)', 60),
(6768, 656, 'Upgradability (PCIe Socket)', 4),
(6769, 656, 'Harga (Juta Rupiah)', 3),
(6770, 657, 'PPI (CB R23)', 5678),
(6771, 657, 'RAM (GB)', 8),
(6772, 657, 'OS Storage Speed (GB/s)', 1),
(6773, 657, 'OS Storage Capacity (GB)', 256),
(6774, 657, 'GPU PI (GPixel/s)', 7),
(6775, 657, 'VRAM GPU (GB)', 2),
(6776, 657, 'PSU (Watt)', 400),
(6777, 657, 'PSU % Efficiency (80 Plus Cert.)', 60),
(6778, 657, 'Upgradability (PCIe Socket)', 2),
(6779, 657, 'Harga (Juta Rupiah)', 4),
(6780, 658, 'PPI (CB R23)', 5794),
(6781, 658, 'RAM (GB)', 8),
(6782, 658, 'OS Storage Speed (GB/s)', 3),
(6783, 658, 'OS Storage Capacity (GB)', 256),
(6784, 658, 'GPU PI (GPixel/s)', 9),
(6785, 658, 'VRAM GPU (GB)', 4),
(6786, 658, 'PSU (Watt)', 400),
(6787, 658, 'PSU % Efficiency (80 Plus Cert.)', 82),
(6788, 658, 'Upgradability (PCIe Socket)', 2),
(6789, 658, 'Harga (Juta Rupiah)', 4),
(6790, 659, 'PPI (CB R23)', 3549),
(6791, 659, 'RAM (GB)', 16),
(6792, 659, 'OS Storage Speed (GB/s)', 1),
(6793, 659, 'OS Storage Capacity (GB)', 256),
(6794, 659, 'GPU PI (GPixel/s)', 9),
(6795, 659, 'VRAM GPU (GB)', 4),
(6796, 659, 'PSU (Watt)', 500),
(6797, 659, 'PSU % Efficiency (80 Plus Cert.)', 60),
(6798, 659, 'Upgradability (PCIe Socket)', 4),
(6799, 659, 'Harga (Juta Rupiah)', 4),
(6800, 660, 'PPI (CB R23)', 9031),
(6801, 660, 'RAM (GB)', 16),
(6802, 660, 'OS Storage Speed (GB/s)', 3),
(6803, 660, 'OS Storage Capacity (GB)', 256),
(6804, 660, 'GPU PI (GPixel/s)', 15),
(6805, 660, 'VRAM GPU (GB)', 4),
(6806, 660, 'PSU (Watt)', 400),
(6807, 660, 'PSU % Efficiency (80 Plus Cert.)', 82),
(6808, 660, 'Upgradability (PCIe Socket)', 2),
(6809, 660, 'Harga (Juta Rupiah)', 4),
(6810, 661, 'PPI (CB R23)', 5801),
(6811, 661, 'RAM (GB)', 8),
(6812, 661, 'OS Storage Speed (GB/s)', 3),
(6813, 661, 'OS Storage Capacity (GB)', 256),
(6814, 661, 'GPU PI (GPixel/s)', 9),
(6815, 661, 'VRAM GPU (GB)', 4),
(6816, 661, 'PSU (Watt)', 500),
(6817, 661, 'PSU % Efficiency (80 Plus Cert.)', 60),
(6818, 661, 'Upgradability (PCIe Socket)', 2),
(6819, 661, 'Harga (Juta Rupiah)', 5),
(6820, 662, 'PPI (CB R23)', 9031),
(6821, 662, 'RAM (GB)', 16),
(6822, 662, 'OS Storage Speed (GB/s)', 3),
(6823, 662, 'OS Storage Capacity (GB)', 256),
(6824, 662, 'GPU PI (GPixel/s)', 15),
(6825, 662, 'VRAM GPU (GB)', 4),
(6826, 662, 'PSU (Watt)', 500),
(6827, 662, 'PSU % Efficiency (80 Plus Cert.)', 85),
(6828, 662, 'Upgradability (PCIe Socket)', 2),
(6829, 662, 'Harga (Juta Rupiah)', 6),
(6830, 663, 'PPI (CB R23)', 3259),
(6831, 663, 'RAM (GB)', 8),
(6832, 663, 'OS Storage Speed (GB/s)', 2),
(6833, 663, 'OS Storage Capacity (GB)', 256),
(6834, 663, 'GPU PI (GPixel/s)', 10),
(6835, 663, 'VRAM GPU (GB)', 2),
(6836, 663, 'PSU (Watt)', 120),
(6837, 663, 'PSU % Efficiency (80 Plus Cert.)', 90),
(6838, 663, 'Upgradability (PCIe Socket)', 0),
(6839, 663, 'Harga (Juta Rupiah)', 6),
(6840, 664, 'PPI (CB R23)', 10960),
(6841, 664, 'RAM (GB)', 16),
(6842, 664, 'OS Storage Speed (GB/s)', 3),
(6843, 664, 'OS Storage Capacity (GB)', 256),
(6844, 664, 'GPU PI (GPixel/s)', 15),
(6845, 664, 'VRAM GPU (GB)', 4),
(6846, 664, 'PSU (Watt)', 500),
(6847, 664, 'PSU % Efficiency (80 Plus Cert.)', 85),
(6848, 664, 'Upgradability (PCIe Socket)', 2),
(6849, 664, 'Harga (Juta Rupiah)', 7),
(6850, 665, 'PPI (CB R23)', 5678),
(6851, 665, 'RAM (GB)', 16),
(6852, 665, 'OS Storage Speed (GB/s)', 1),
(6853, 665, 'OS Storage Capacity (GB)', 256),
(6854, 665, 'GPU PI (GPixel/s)', 29),
(6855, 665, 'VRAM GPU (GB)', 4),
(6856, 665, 'PSU (Watt)', 400),
(6857, 665, 'PSU % Efficiency (80 Plus Cert.)', 85),
(6858, 665, 'Upgradability (PCIe Socket)', 2),
(6859, 665, 'Harga (Juta Rupiah)', 7),
(6860, 666, 'PPI (CB R23)', 12189),
(6861, 666, 'RAM (GB)', 16),
(6862, 666, 'OS Storage Speed (GB/s)', 3),
(6863, 666, 'OS Storage Capacity (GB)', 512),
(6864, 666, 'GPU PI (GPixel/s)', 20),
(6865, 666, 'VRAM GPU (GB)', 4),
(6866, 666, 'PSU (Watt)', 500),
(6867, 666, 'PSU % Efficiency (80 Plus Cert.)', 85),
(6868, 666, 'Upgradability (PCIe Socket)', 4),
(6869, 666, 'Harga (Juta Rupiah)', 7),
(6870, 667, 'PPI (CB R23)', 5678),
(6871, 667, 'RAM (GB)', 16),
(6872, 667, 'OS Storage Speed (GB/s)', 1),
(6873, 667, 'OS Storage Capacity (GB)', 256),
(6874, 667, 'GPU PI (GPixel/s)', 45),
(6875, 667, 'VRAM GPU (GB)', 4),
(6876, 667, 'PSU (Watt)', 500),
(6877, 667, 'PSU % Efficiency (80 Plus Cert.)', 85),
(6878, 667, 'Upgradability (PCIe Socket)', 2),
(6879, 667, 'Harga (Juta Rupiah)', 7),
(6880, 668, 'PPI (CB R23)', 9945),
(6881, 668, 'RAM (GB)', 16),
(6882, 668, 'OS Storage Speed (GB/s)', 3),
(6883, 668, 'OS Storage Capacity (GB)', 256),
(6884, 668, 'GPU PI (GPixel/s)', 19),
(6885, 668, 'VRAM GPU (GB)', 4),
(6886, 668, 'PSU (Watt)', 500),
(6887, 668, 'PSU % Efficiency (80 Plus Cert.)', 85),
(6888, 668, 'Upgradability (PCIe Socket)', 2),
(6889, 668, 'Harga (Juta Rupiah)', 7),
(6890, 669, 'PPI (CB R23)', 8218),
(6891, 669, 'RAM (GB)', 16),
(6892, 669, 'OS Storage Speed (GB/s)', 3),
(6893, 669, 'OS Storage Capacity (GB)', 256),
(6894, 669, 'GPU PI (GPixel/s)', 29),
(6895, 669, 'VRAM GPU (GB)', 4),
(6896, 669, 'PSU (Watt)', 400),
(6897, 669, 'PSU % Efficiency (80 Plus Cert.)', 85),
(6898, 669, 'Upgradability (PCIe Socket)', 3),
(6899, 669, 'Harga (Juta Rupiah)', 7),
(6900, 670, 'PPI (CB R23)', 10005),
(6901, 670, 'RAM (GB)', 16),
(6902, 670, 'OS Storage Speed (GB/s)', 3),
(6903, 670, 'OS Storage Capacity (GB)', 256),
(6904, 670, 'GPU PI (GPixel/s)', 74),
(6905, 670, 'VRAM GPU (GB)', 4),
(6906, 670, 'PSU (Watt)', 500),
(6907, 670, 'PSU % Efficiency (80 Plus Cert.)', 85),
(6908, 670, 'Upgradability (PCIe Socket)', 1),
(6909, 670, 'Harga (Juta Rupiah)', 8),
(6910, 671, 'PPI (CB R23)', 8218),
(6911, 671, 'RAM (GB)', 16),
(6912, 671, 'OS Storage Speed (GB/s)', 3),
(6913, 671, 'OS Storage Capacity (GB)', 256),
(6914, 671, 'GPU PI (GPixel/s)', 53),
(6915, 671, 'VRAM GPU (GB)', 4),
(6916, 671, 'PSU (Watt)', 500),
(6917, 671, 'PSU % Efficiency (80 Plus Cert.)', 85),
(6918, 671, 'Upgradability (PCIe Socket)', 1),
(6919, 671, 'Harga (Juta Rupiah)', 8),
(6920, 672, 'PPI (CB R23)', 9274),
(6921, 672, 'RAM (GB)', 16),
(6922, 672, 'OS Storage Speed (GB/s)', 3),
(6923, 672, 'OS Storage Capacity (GB)', 256),
(6924, 672, 'GPU PI (GPixel/s)', 53),
(6925, 672, 'VRAM GPU (GB)', 4),
(6926, 672, 'PSU (Watt)', 500),
(6927, 672, 'PSU % Efficiency (80 Plus Cert.)', 85),
(6928, 672, 'Upgradability (PCIe Socket)', 1),
(6929, 672, 'Harga (Juta Rupiah)', 8),
(6930, 673, 'PPI (CB R23)', 8218),
(6931, 673, 'RAM (GB)', 16),
(6932, 673, 'OS Storage Speed (GB/s)', 3),
(6933, 673, 'OS Storage Capacity (GB)', 256),
(6934, 673, 'GPU PI (GPixel/s)', 53),
(6935, 673, 'VRAM GPU (GB)', 4),
(6936, 673, 'PSU (Watt)', 500),
(6937, 673, 'PSU % Efficiency (80 Plus Cert.)', 85),
(6938, 673, 'Upgradability (PCIe Socket)', 1),
(6939, 673, 'Harga (Juta Rupiah)', 8),
(6940, 674, 'PPI (CB R23)', 9945),
(6941, 674, 'RAM (GB)', 16),
(6942, 674, 'OS Storage Speed (GB/s)', 3),
(6943, 674, 'OS Storage Capacity (GB)', 256),
(6944, 674, 'GPU PI (GPixel/s)', 90),
(6945, 674, 'VRAM GPU (GB)', 4),
(6946, 674, 'PSU (Watt)', 500),
(6947, 674, 'PSU % Efficiency (80 Plus Cert.)', 85),
(6948, 674, 'Upgradability (PCIe Socket)', 1),
(6949, 674, 'Harga (Juta Rupiah)', 8),
(6950, 675, 'PPI (CB R23)', 7291),
(6951, 675, 'RAM (GB)', 16),
(6952, 675, 'OS Storage Speed (GB/s)', 3),
(6953, 675, 'OS Storage Capacity (GB)', 256),
(6954, 675, 'GPU PI (GPixel/s)', 53),
(6955, 675, 'VRAM GPU (GB)', 4),
(6956, 675, 'PSU (Watt)', 500),
(6957, 675, 'PSU % Efficiency (80 Plus Cert.)', 85),
(6958, 675, 'Upgradability (PCIe Socket)', 0),
(6959, 675, 'Harga (Juta Rupiah)', 8),
(6960, 676, 'PPI (CB R23)', 10764),
(6961, 676, 'RAM (GB)', 16),
(6962, 676, 'OS Storage Speed (GB/s)', 3),
(6963, 676, 'OS Storage Capacity (GB)', 512),
(6964, 676, 'GPU PI (GPixel/s)', 74),
(6965, 676, 'VRAM GPU (GB)', 4),
(6966, 676, 'PSU (Watt)', 500),
(6967, 676, 'PSU % Efficiency (80 Plus Cert.)', 85),
(6968, 676, 'Upgradability (PCIe Socket)', 1),
(6969, 676, 'Harga (Juta Rupiah)', 8),
(6970, 677, 'PPI (CB R23)', 9650),
(6971, 677, 'RAM (GB)', 16),
(6972, 677, 'OS Storage Speed (GB/s)', 3),
(6973, 677, 'OS Storage Capacity (GB)', 256),
(6974, 677, 'GPU PI (GPixel/s)', 53),
(6975, 677, 'VRAM GPU (GB)', 4),
(6976, 677, 'PSU (Watt)', 500),
(6977, 677, 'PSU % Efficiency (80 Plus Cert.)', 85),
(6978, 677, 'Upgradability (PCIe Socket)', 0),
(6979, 677, 'Harga (Juta Rupiah)', 8),
(6980, 678, 'PPI (CB R23)', 10764),
(6981, 678, 'RAM (GB)', 16),
(6982, 678, 'OS Storage Speed (GB/s)', 2),
(6983, 678, 'OS Storage Capacity (GB)', 512),
(6984, 678, 'GPU PI (GPixel/s)', 57),
(6985, 678, 'VRAM GPU (GB)', 8),
(6986, 678, 'PSU (Watt)', 550),
(6987, 678, 'PSU % Efficiency (80 Plus Cert.)', 85),
(6988, 678, 'Upgradability (PCIe Socket)', 0),
(6989, 678, 'Harga (Juta Rupiah)', 8),
(6990, 679, 'PPI (CB R23)', 10369),
(6991, 679, 'RAM (GB)', 16),
(6992, 679, 'OS Storage Speed (GB/s)', 3),
(6993, 679, 'OS Storage Capacity (GB)', 256),
(6994, 679, 'GPU PI (GPixel/s)', 53),
(6995, 679, 'VRAM GPU (GB)', 4),
(6996, 679, 'PSU (Watt)', 500),
(6997, 679, 'PSU % Efficiency (80 Plus Cert.)', 85),
(6998, 679, 'Upgradability (PCIe Socket)', 1),
(6999, 679, 'Harga (Juta Rupiah)', 8),
(7000, 680, 'PPI (CB R23)', 9945),
(7001, 680, 'RAM (GB)', 16),
(7002, 680, 'OS Storage Speed (GB/s)', 3),
(7003, 680, 'OS Storage Capacity (GB)', 256),
(7004, 680, 'GPU PI (GPixel/s)', 90),
(7005, 680, 'VRAM GPU (GB)', 4),
(7006, 680, 'PSU (Watt)', 600),
(7007, 680, 'PSU % Efficiency (80 Plus Cert.)', 85),
(7008, 680, 'Upgradability (PCIe Socket)', 1),
(7009, 680, 'Harga (Juta Rupiah)', 9),
(7010, 681, 'PPI (CB R23)', 10369),
(7011, 681, 'RAM (GB)', 16),
(7012, 681, 'OS Storage Speed (GB/s)', 3),
(7013, 681, 'OS Storage Capacity (GB)', 256),
(7014, 681, 'GPU PI (GPixel/s)', 47),
(7015, 681, 'VRAM GPU (GB)', 6),
(7016, 681, 'PSU (Watt)', 500),
(7017, 681, 'PSU % Efficiency (80 Plus Cert.)', 85),
(7018, 681, 'Upgradability (PCIe Socket)', 1),
(7019, 681, 'Harga (Juta Rupiah)', 9),
(7020, 682, 'PPI (CB R23)', 12019),
(7021, 682, 'RAM (GB)', 16),
(7022, 682, 'OS Storage Speed (GB/s)', 3),
(7023, 682, 'OS Storage Capacity (GB)', 512),
(7024, 682, 'GPU PI (GPixel/s)', 90),
(7025, 682, 'VRAM GPU (GB)', 4),
(7026, 682, 'PSU (Watt)', 600),
(7027, 682, 'PSU % Efficiency (80 Plus Cert.)', 85),
(7028, 682, 'Upgradability (PCIe Socket)', 1),
(7029, 682, 'Harga (Juta Rupiah)', 9),
(7030, 683, 'PPI (CB R23)', 9274),
(7031, 683, 'RAM (GB)', 16),
(7032, 683, 'OS Storage Speed (GB/s)', 3),
(7033, 683, 'OS Storage Capacity (GB)', 256),
(7034, 683, 'GPU PI (GPixel/s)', 47),
(7035, 683, 'VRAM GPU (GB)', 6),
(7036, 683, 'PSU (Watt)', 500),
(7037, 683, 'PSU % Efficiency (80 Plus Cert.)', 85),
(7038, 683, 'Upgradability (PCIe Socket)', 1),
(7039, 683, 'Harga (Juta Rupiah)', 9),
(7040, 684, 'PPI (CB R23)', 8218),
(7041, 684, 'RAM (GB)', 16),
(7042, 684, 'OS Storage Speed (GB/s)', 3),
(7043, 684, 'OS Storage Capacity (GB)', 256),
(7044, 684, 'GPU PI (GPixel/s)', 47),
(7045, 684, 'VRAM GPU (GB)', 6),
(7046, 684, 'PSU (Watt)', 650),
(7047, 684, 'PSU % Efficiency (80 Plus Cert.)', 85),
(7048, 684, 'Upgradability (PCIe Socket)', 1),
(7049, 684, 'Harga (Juta Rupiah)', 9),
(7050, 685, 'PPI (CB R23)', 8218),
(7051, 685, 'RAM (GB)', 16),
(7052, 685, 'OS Storage Speed (GB/s)', 3),
(7053, 685, 'OS Storage Capacity (GB)', 256),
(7054, 685, 'GPU PI (GPixel/s)', 86),
(7055, 685, 'VRAM GPU (GB)', 6),
(7056, 685, 'PSU (Watt)', 500),
(7057, 685, 'PSU % Efficiency (80 Plus Cert.)', 85),
(7058, 685, 'Upgradability (PCIe Socket)', 1),
(7059, 685, 'Harga (Juta Rupiah)', 9),
(7060, 686, 'PPI (CB R23)', 10005),
(7061, 686, 'RAM (GB)', 16),
(7062, 686, 'OS Storage Speed (GB/s)', 3),
(7063, 686, 'OS Storage Capacity (GB)', 512),
(7064, 686, 'GPU PI (GPixel/s)', 159),
(7065, 686, 'VRAM GPU (GB)', 8),
(7066, 686, 'PSU (Watt)', 650),
(7067, 686, 'PSU % Efficiency (80 Plus Cert.)', 85),
(7068, 686, 'Upgradability (PCIe Socket)', 3),
(7069, 686, 'Harga (Juta Rupiah)', 10),
(7070, 687, 'PPI (CB R23)', 10005),
(7071, 687, 'RAM (GB)', 16),
(7072, 687, 'OS Storage Speed (GB/s)', 3),
(7073, 687, 'OS Storage Capacity (GB)', 512),
(7074, 687, 'GPU PI (GPixel/s)', 47),
(7075, 687, 'VRAM GPU (GB)', 6),
(7076, 687, 'PSU (Watt)', 600),
(7077, 687, 'PSU % Efficiency (80 Plus Cert.)', 85),
(7078, 687, 'Upgradability (PCIe Socket)', 1),
(7079, 687, 'Harga (Juta Rupiah)', 10),
(7080, 688, 'PPI (CB R23)', 8218),
(7081, 688, 'RAM (GB)', 16),
(7082, 688, 'OS Storage Speed (GB/s)', 3),
(7083, 688, 'OS Storage Capacity (GB)', 256),
(7084, 688, 'GPU PI (GPixel/s)', 85),
(7085, 688, 'VRAM GPU (GB)', 8),
(7086, 688, 'PSU (Watt)', 600),
(7087, 688, 'PSU % Efficiency (80 Plus Cert.)', 85),
(7088, 688, 'Upgradability (PCIe Socket)', 1),
(7089, 688, 'Harga (Juta Rupiah)', 10),
(7090, 689, 'PPI (CB R23)', 9274),
(7091, 689, 'RAM (GB)', 16),
(7092, 689, 'OS Storage Speed (GB/s)', 3),
(7093, 689, 'OS Storage Capacity (GB)', 256),
(7094, 689, 'GPU PI (GPixel/s)', 159),
(7095, 689, 'VRAM GPU (GB)', 8),
(7096, 689, 'PSU (Watt)', 550),
(7097, 689, 'PSU % Efficiency (80 Plus Cert.)', 85),
(7098, 689, 'Upgradability (PCIe Socket)', 3),
(7099, 689, 'Harga (Juta Rupiah)', 10),
(7100, 690, 'PPI (CB R23)', 10369),
(7101, 690, 'RAM (GB)', 16),
(7102, 690, 'OS Storage Speed (GB/s)', 3),
(7103, 690, 'OS Storage Capacity (GB)', 512),
(7104, 690, 'GPU PI (GPixel/s)', 47),
(7105, 690, 'VRAM GPU (GB)', 6),
(7106, 690, 'PSU (Watt)', 600),
(7107, 690, 'PSU % Efficiency (80 Plus Cert.)', 85),
(7108, 690, 'Upgradability (PCIe Socket)', 1),
(7109, 690, 'Harga (Juta Rupiah)', 10),
(7110, 691, 'PPI (CB R23)', 12019),
(7111, 691, 'RAM (GB)', 16),
(7112, 691, 'OS Storage Speed (GB/s)', 3),
(7113, 691, 'OS Storage Capacity (GB)', 256),
(7114, 691, 'GPU PI (GPixel/s)', 159),
(7115, 691, 'VRAM GPU (GB)', 8),
(7116, 691, 'PSU (Watt)', 600),
(7117, 691, 'PSU % Efficiency (80 Plus Cert.)', 85),
(7118, 691, 'Upgradability (PCIe Socket)', 1),
(7119, 691, 'Harga (Juta Rupiah)', 10),
(7120, 692, 'PPI (CB R23)', 10764),
(7121, 692, 'RAM (GB)', 16),
(7122, 692, 'OS Storage Speed (GB/s)', 3),
(7123, 692, 'OS Storage Capacity (GB)', 512),
(7124, 692, 'GPU PI (GPixel/s)', 118),
(7125, 692, 'VRAM GPU (GB)', 8),
(7126, 692, 'PSU (Watt)', 550),
(7127, 692, 'PSU % Efficiency (80 Plus Cert.)', 85),
(7128, 692, 'Upgradability (PCIe Socket)', 0),
(7129, 692, 'Harga (Juta Rupiah)', 10),
(7130, 693, 'PPI (CB R23)', 10005),
(7131, 693, 'RAM (GB)', 16),
(7132, 693, 'OS Storage Speed (GB/s)', 3),
(7133, 693, 'OS Storage Capacity (GB)', 256),
(7134, 693, 'GPU PI (GPixel/s)', 170),
(7135, 693, 'VRAM GPU (GB)', 8),
(7136, 693, 'PSU (Watt)', 600),
(7137, 693, 'PSU % Efficiency (80 Plus Cert.)', 85),
(7138, 693, 'Upgradability (PCIe Socket)', 1),
(7139, 693, 'Harga (Juta Rupiah)', 10),
(7140, 694, 'PPI (CB R23)', 9650),
(7141, 694, 'RAM (GB)', 16),
(7142, 694, 'OS Storage Speed (GB/s)', 3),
(7143, 694, 'OS Storage Capacity (GB)', 256),
(7144, 694, 'GPU PI (GPixel/s)', 86),
(7145, 694, 'VRAM GPU (GB)', 6),
(7146, 694, 'PSU (Watt)', 500),
(7147, 694, 'PSU % Efficiency (80 Plus Cert.)', 85),
(7148, 694, 'Upgradability (PCIe Socket)', 0),
(7149, 694, 'Harga (Juta Rupiah)', 10),
(7150, 695, 'PPI (CB R23)', 10369),
(7151, 695, 'RAM (GB)', 16),
(7152, 695, 'OS Storage Speed (GB/s)', 3),
(7153, 695, 'OS Storage Capacity (GB)', 1024),
(7154, 695, 'GPU PI (GPixel/s)', 47),
(7155, 695, 'VRAM GPU (GB)', 6),
(7156, 695, 'PSU (Watt)', 600),
(7157, 695, 'PSU % Efficiency (80 Plus Cert.)', 85),
(7158, 695, 'Upgradability (PCIe Socket)', 3),
(7159, 695, 'Harga (Juta Rupiah)', 10),
(7160, 696, 'PPI (CB R23)', 8218),
(7161, 696, 'RAM (GB)', 16),
(7162, 696, 'OS Storage Speed (GB/s)', 3),
(7163, 696, 'OS Storage Capacity (GB)', 256),
(7164, 696, 'GPU PI (GPixel/s)', 98),
(7165, 696, 'VRAM GPU (GB)', 12),
(7166, 696, 'PSU (Watt)', 600),
(7167, 696, 'PSU % Efficiency (80 Plus Cert.)', 85),
(7168, 696, 'Upgradability (PCIe Socket)', 1),
(7169, 696, 'Harga (Juta Rupiah)', 10),
(7170, 697, 'PPI (CB R23)', 9274),
(7171, 697, 'RAM (GB)', 16),
(7172, 697, 'OS Storage Speed (GB/s)', 3),
(7173, 697, 'OS Storage Capacity (GB)', 256),
(7174, 697, 'GPU PI (GPixel/s)', 98),
(7175, 697, 'VRAM GPU (GB)', 12),
(7176, 697, 'PSU (Watt)', 600),
(7177, 697, 'PSU % Efficiency (80 Plus Cert.)', 85),
(7178, 697, 'Upgradability (PCIe Socket)', 1),
(7179, 697, 'Harga (Juta Rupiah)', 10),
(7180, 698, 'PPI (CB R23)', 10369),
(7181, 698, 'RAM (GB)', 16),
(7182, 698, 'OS Storage Speed (GB/s)', 3),
(7183, 698, 'OS Storage Capacity (GB)', 512),
(7184, 698, 'GPU PI (GPixel/s)', 118),
(7185, 698, 'VRAM GPU (GB)', 8),
(7186, 698, 'PSU (Watt)', 550),
(7187, 698, 'PSU % Efficiency (80 Plus Cert.)', 85),
(7188, 698, 'Upgradability (PCIe Socket)', 1),
(7189, 698, 'Harga (Juta Rupiah)', 10),
(7190, 699, 'PPI (CB R23)', 8218),
(7191, 699, 'RAM (GB)', 16),
(7192, 699, 'OS Storage Speed (GB/s)', 3),
(7193, 699, 'OS Storage Capacity (GB)', 256),
(7194, 699, 'GPU PI (GPixel/s)', 118),
(7195, 699, 'VRAM GPU (GB)', 8),
(7196, 699, 'PSU (Watt)', 600),
(7197, 699, 'PSU % Efficiency (80 Plus Cert.)', 85),
(7198, 699, 'Upgradability (PCIe Socket)', 1),
(7199, 699, 'Harga (Juta Rupiah)', 11),
(7200, 700, 'PPI (CB R23)', 9650),
(7201, 700, 'RAM (GB)', 16);
INSERT INTO `laporan_hasil_akhir_atribut` (`id`, `id_laporan_hasil_akhir`, `nama_atribut`, `nilai`) VALUES
(7202, 700, 'OS Storage Speed (GB/s)', 3),
(7203, 700, 'OS Storage Capacity (GB)', 512),
(7204, 700, 'GPU PI (GPixel/s)', 98),
(7205, 700, 'VRAM GPU (GB)', 12),
(7206, 700, 'PSU (Watt)', 600),
(7207, 700, 'PSU % Efficiency (80 Plus Cert.)', 85),
(7208, 700, 'Upgradability (PCIe Socket)', 0),
(7209, 700, 'Harga (Juta Rupiah)', 11),
(7210, 701, 'PPI (CB R23)', 12019),
(7211, 701, 'RAM (GB)', 16),
(7212, 701, 'OS Storage Speed (GB/s)', 3),
(7213, 701, 'OS Storage Capacity (GB)', 512),
(7214, 701, 'GPU PI (GPixel/s)', 170),
(7215, 701, 'VRAM GPU (GB)', 8),
(7216, 701, 'PSU (Watt)', 600),
(7217, 701, 'PSU % Efficiency (80 Plus Cert.)', 90),
(7218, 701, 'Upgradability (PCIe Socket)', 3),
(7219, 701, 'Harga (Juta Rupiah)', 12),
(7220, 702, 'PPI (CB R23)', 9274),
(7221, 702, 'RAM (GB)', 16),
(7222, 702, 'OS Storage Speed (GB/s)', 6),
(7223, 702, 'OS Storage Capacity (GB)', 500),
(7224, 702, 'GPU PI (GPixel/s)', 118),
(7225, 702, 'VRAM GPU (GB)', 8),
(7226, 702, 'PSU (Watt)', 600),
(7227, 702, 'PSU % Efficiency (80 Plus Cert.)', 85),
(7228, 702, 'Upgradability (PCIe Socket)', 0),
(7229, 702, 'Harga (Juta Rupiah)', 12),
(7230, 703, 'PPI (CB R23)', 12019),
(7231, 703, 'RAM (GB)', 16),
(7232, 703, 'OS Storage Speed (GB/s)', 3),
(7233, 703, 'OS Storage Capacity (GB)', 512),
(7234, 703, 'GPU PI (GPixel/s)', 98),
(7235, 703, 'VRAM GPU (GB)', 12),
(7236, 703, 'PSU (Watt)', 600),
(7237, 703, 'PSU % Efficiency (80 Plus Cert.)', 90),
(7238, 703, 'Upgradability (PCIe Socket)', 3),
(7239, 703, 'Harga (Juta Rupiah)', 13),
(7240, 704, 'PPI (CB R23)', 9650),
(7241, 704, 'RAM (GB)', 16),
(7242, 704, 'OS Storage Speed (GB/s)', 3),
(7243, 704, 'OS Storage Capacity (GB)', 512),
(7244, 704, 'GPU PI (GPixel/s)', 98),
(7245, 704, 'VRAM GPU (GB)', 12),
(7246, 704, 'PSU (Watt)', 600),
(7247, 704, 'PSU % Efficiency (80 Plus Cert.)', 90),
(7248, 704, 'Upgradability (PCIe Socket)', 0),
(7249, 704, 'Harga (Juta Rupiah)', 13),
(7250, 705, 'PPI (CB R23)', 14),
(7251, 705, 'RAM (GB)', 32),
(7252, 705, 'OS Storage Speed (GB/s)', 5),
(7253, 705, 'OS Storage Capacity (GB)', 1024),
(7254, 705, 'GPU PI (GPixel/s)', 159),
(7255, 705, 'VRAM GPU (GB)', 8),
(7256, 705, 'PSU (Watt)', 750),
(7257, 705, 'PSU % Efficiency (80 Plus Cert.)', 85),
(7258, 705, 'Upgradability (PCIe Socket)', 3),
(7259, 705, 'Harga (Juta Rupiah)', 14),
(7260, 706, 'PPI (CB R23)', 10369),
(7261, 706, 'RAM (GB)', 32),
(7262, 706, 'OS Storage Speed (GB/s)', 3),
(7263, 706, 'OS Storage Capacity (GB)', 512),
(7264, 706, 'GPU PI (GPixel/s)', 98),
(7265, 706, 'VRAM GPU (GB)', 12),
(7266, 706, 'PSU (Watt)', 600),
(7267, 706, 'PSU % Efficiency (80 Plus Cert.)', 90),
(7268, 706, 'Upgradability (PCIe Socket)', 3),
(7269, 706, 'Harga (Juta Rupiah)', 14),
(7270, 707, 'PPI (CB R23)', 10369),
(7271, 707, 'RAM (GB)', 32),
(7272, 707, 'OS Storage Speed (GB/s)', 5),
(7273, 707, 'OS Storage Capacity (GB)', 1024),
(7274, 707, 'GPU PI (GPixel/s)', 144),
(7275, 707, 'VRAM GPU (GB)', 8),
(7276, 707, 'PSU (Watt)', 750),
(7277, 707, 'PSU % Efficiency (80 Plus Cert.)', 85),
(7278, 707, 'Upgradability (PCIe Socket)', 3),
(7279, 707, 'Harga (Juta Rupiah)', 16),
(7280, 708, 'PPI (CB R23)', 10369),
(7281, 708, 'RAM (GB)', 16),
(7282, 708, 'OS Storage Speed (GB/s)', 3),
(7283, 708, 'OS Storage Capacity (GB)', 512),
(7284, 708, 'GPU PI (GPixel/s)', 57),
(7285, 708, 'VRAM GPU (GB)', 8),
(7286, 708, 'PSU (Watt)', 750),
(7287, 708, 'PSU % Efficiency (80 Plus Cert.)', 85),
(7288, 708, 'Upgradability (PCIe Socket)', 3),
(7289, 708, 'Harga (Juta Rupiah)', 17),
(7290, 568, 'OS Storage Speed (GB/s)', 2.4),
(7291, 568, 'GPU PI (GPixel/s)', 41.58),
(7292, 568, 'Harga (Juta Rupiah)', 7.79),
(7293, 569, 'GPU PI (GPixel/s)', 165.7),
(7294, 569, 'Harga (Juta Rupiah)', 12.55),
(7295, 570, 'OS Storage Speed (GB/s)', 2.4),
(7296, 570, 'GPU PI (GPixel/s)', 169.9),
(7297, 570, 'Harga (Juta Rupiah)', 12.99),
(7298, 571, 'OS Storage Speed (GB/s)', 3.5),
(7299, 571, 'GPU PI (GPixel/s)', 97.8),
(7300, 571, 'Harga (Juta Rupiah)', 12.99),
(7301, 572, 'GPU PI (GPixel/s)', 118.1),
(7302, 572, 'Harga (Juta Rupiah)', 15.09),
(7303, 573, 'GPU PI (GPixel/s)', 121.7),
(7304, 573, 'Harga (Juta Rupiah)', 15.49),
(7305, 574, 'GPU PI (GPixel/s)', 118.1),
(7306, 574, 'Harga (Juta Rupiah)', 16.29),
(7307, 575, 'GPU PI (GPixel/s)', 119.9),
(7308, 575, 'Harga (Juta Rupiah)', 16.29),
(7309, 576, 'GPU PI (GPixel/s)', 121.7),
(7310, 576, 'Harga (Juta Rupiah)', 16.79),
(7311, 577, 'GPU PI (GPixel/s)', 121.7),
(7312, 577, 'Harga (Juta Rupiah)', 17.19),
(7313, 578, 'GPU PI (GPixel/s)', 119.9),
(7314, 578, 'Harga (Juta Rupiah)', 17.19),
(7315, 579, 'GPU PI (GPixel/s)', 121.7),
(7316, 579, 'Harga (Juta Rupiah)', 17.79),
(7317, 580, 'GPU PI (GPixel/s)', 123.5),
(7318, 580, 'Harga (Juta Rupiah)', 18.79),
(7319, 581, 'GPU PI (GPixel/s)', 123.5),
(7320, 581, 'Harga (Juta Rupiah)', 18.99),
(7321, 582, 'GPU PI (GPixel/s)', 123.5),
(7322, 582, 'Harga (Juta Rupiah)', 19.49),
(7323, 583, 'OS Storage Speed (GB/s)', 7.4),
(7324, 583, 'GPU PI (GPixel/s)', 123.5),
(7325, 583, 'Harga (Juta Rupiah)', 21.35),
(7326, 584, 'GPU PI (GPixel/s)', 123.5),
(7327, 584, 'Harga (Juta Rupiah)', 21.89),
(7328, 585, 'GPU PI (GPixel/s)', 233.3),
(7329, 585, 'Harga (Juta Rupiah)', 22.69),
(7330, 586, 'OS Storage Speed (GB/s)', 7.25),
(7331, 586, 'Harga (Juta Rupiah)', 25.29),
(7332, 587, 'OS Storage Speed (GB/s)', 7.4),
(7333, 587, 'GPU PI (GPixel/s)', 249.5),
(7334, 587, 'Harga (Juta Rupiah)', 25.39),
(7335, 588, 'OS Storage Speed (GB/s)', 7.4),
(7336, 588, 'GPU PI (GPixel/s)', 249.5),
(7337, 588, 'Harga (Juta Rupiah)', 25.59),
(7338, 589, 'GPU PI (GPixel/s)', 322.6),
(7339, 589, 'Harga (Juta Rupiah)', 28.59),
(7340, 590, 'GPU PI (GPixel/s)', 41.58),
(7341, 590, 'Harga (Juta Rupiah)', 7.44),
(7342, 591, 'Harga (Juta Rupiah)', 7.52),
(7343, 592, 'GPU PI (GPixel/s)', 53.28),
(7344, 592, 'Harga (Juta Rupiah)', 9.09),
(7345, 593, 'GPU PI (GPixel/s)', 86.4),
(7346, 593, 'Harga (Juta Rupiah)', 9.7),
(7347, 594, 'GPU PI (GPixel/s)', 65.6),
(7348, 594, 'Harga (Juta Rupiah)', 10.2),
(7349, 595, 'GPU PI (GPixel/s)', 47.04),
(7350, 595, 'Harga (Juta Rupiah)', 10.66),
(7351, 596, 'GPU PI (GPixel/s)', 159.4),
(7352, 596, 'Harga (Juta Rupiah)', 10.91),
(7353, 597, 'GPU PI (GPixel/s)', 169.9),
(7354, 597, 'Harga (Juta Rupiah)', 12.1),
(7355, 598, 'GPU PI (GPixel/s)', 118.1),
(7356, 598, 'Harga (Juta Rupiah)', 13.03),
(7357, 599, 'GPU PI (GPixel/s)', 85.3),
(7358, 599, 'Harga (Juta Rupiah)', 13.23),
(7359, 600, 'GPU PI (GPixel/s)', 118.1),
(7360, 600, 'Harga (Juta Rupiah)', 13.53),
(7361, 601, 'GPU PI (GPixel/s)', 159.4),
(7362, 601, 'Harga (Juta Rupiah)', 13.62),
(7363, 709, 'PPI (CB R23)', 16129),
(7364, 709, 'RAM (GB)', 32),
(7365, 709, 'OS Storage Speed (GB/s)', 5),
(7366, 709, 'OS Storage Capacity (GB)', 1024),
(7367, 709, 'GPU PI (GPixel/s)', 159.4),
(7368, 709, 'VRAM GPU (GB)', 8),
(7369, 709, 'PSU (Watt)', 750),
(7370, 709, 'PSU % Efficiency (80 Plus Cert.)', 85),
(7371, 709, 'Upgradability (PCIe Socket)', 3),
(7372, 709, 'Harga (Juta Rupiah)', 14.17),
(7373, 602, 'GPU PI (GPixel/s)', 118.1),
(7374, 602, 'Harga (Juta Rupiah)', 14.09),
(7375, 603, 'GPU PI (GPixel/s)', 118.1),
(7376, 603, 'Harga (Juta Rupiah)', 14.19),
(7377, 604, 'GPU PI (GPixel/s)', 169.9),
(7378, 604, 'Harga (Juta Rupiah)', 14.24),
(7379, 605, 'GPU PI (GPixel/s)', 169.9),
(7380, 605, 'Harga (Juta Rupiah)', 14.34),
(7381, 606, 'GPU PI (GPixel/s)', 97.8),
(7382, 606, 'Harga (Juta Rupiah)', 14.49),
(7383, 607, 'GPU PI (GPixel/s)', 159.4),
(7384, 607, 'Harga (Juta Rupiah)', 14.57),
(7385, 608, 'GPU PI (GPixel/s)', 169.9),
(7386, 608, 'Harga (Juta Rupiah)', 15.58),
(7387, 609, 'GPU PI (GPixel/s)', 118.1),
(7388, 609, 'Harga (Juta Rupiah)', 14.85),
(7389, 610, 'GPU PI (GPixel/s)', 169.9),
(7390, 610, 'Harga (Juta Rupiah)', 14.95),
(7391, 611, 'GPU PI (GPixel/s)', 169.9),
(7392, 611, 'Harga (Juta Rupiah)', 15.25),
(7393, 612, 'GPU PI (GPixel/s)', 118.1),
(7394, 612, 'Harga (Juta Rupiah)', 15.56),
(7395, 613, 'GPU PI (GPixel/s)', 118.1),
(7396, 613, 'Harga (Juta Rupiah)', 16.72),
(7397, 614, 'GPU PI (GPixel/s)', 121.7),
(7398, 614, 'Harga (Juta Rupiah)', 17.62),
(7399, 615, 'GPU PI (GPixel/s)', 159.4),
(7400, 615, 'Harga (Juta Rupiah)', 17.98),
(7401, 616, 'GPU PI (GPixel/s)', 179.2),
(7402, 616, 'Harga (Juta Rupiah)', 18.09),
(7403, 617, 'GPU PI (GPixel/s)', 176.6),
(7404, 617, 'Harga (Juta Rupiah)', 20.35),
(7405, 618, 'OS Storage Speed (GB/s)', 3.6),
(7406, 618, 'GPU PI (GPixel/s)', 121.7),
(7407, 618, 'Harga (Juta Rupiah)', 20.41),
(7408, 619, 'OS Storage Speed (GB/s)', 3.6),
(7409, 619, 'GPU PI (GPixel/s)', 121.7),
(7410, 619, 'Harga (Juta Rupiah)', 20.96),
(7411, 620, 'GPU PI (GPixel/s)', 179.2),
(7412, 620, 'Harga (Juta Rupiah)', 23.58),
(7413, 621, 'GPU PI (GPixel/s)', 121.7),
(7414, 621, 'Harga (Juta Rupiah)', 25.93),
(7415, 622, 'GPU PI (GPixel/s)', 233.2),
(7416, 622, 'Harga (Juta Rupiah)', 31.71),
(7417, 623, 'OS Storage Speed (GB/s)', 7.4),
(7418, 623, 'GPU PI (GPixel/s)', 380.2),
(7419, 623, 'Harga (Juta Rupiah)', 32.75),
(7420, 624, 'GPU PI (GPixel/s)', 182.1),
(7421, 624, 'Harga (Juta Rupiah)', 14.59),
(7422, 625, 'GPU PI (GPixel/s)', 143.6),
(7423, 625, 'Harga (Juta Rupiah)', 17.99),
(7424, 626, 'GPU PI (GPixel/s)', 143.6),
(7425, 626, 'Harga (Juta Rupiah)', 19.95),
(7426, 627, 'GPU PI (GPixel/s)', 121.7),
(7427, 627, 'Harga (Juta Rupiah)', 20.7),
(7428, 628, 'GPU PI (GPixel/s)', 218.8),
(7429, 628, 'Harga (Juta Rupiah)', 25.71),
(7430, 629, 'GPU PI (GPixel/s)', 233.2),
(7431, 629, 'Harga (Juta Rupiah)', 29.34),
(7432, 630, 'OS Storage Speed (GB/s)', 3.6),
(7433, 630, 'GPU PI (GPixel/s)', 233.2),
(7434, 630, 'Harga (Juta Rupiah)', 32.71),
(7435, 631, 'GPU PI (GPixel/s)', 479.8),
(7436, 631, 'Harga (Juta Rupiah)', 34.69),
(7437, 632, 'GPU PI (GPixel/s)', 272.6),
(7438, 632, 'Harga (Juta Rupiah)', 42.36),
(7439, 633, 'GPU PI (GPixel/s)', 314.7),
(7440, 633, 'Harga (Juta Rupiah)', 44.67),
(7441, 634, 'GPU PI (GPixel/s)', 302.4),
(7442, 634, 'Harga (Juta Rupiah)', 55.43),
(7443, 635, 'GPU PI (GPixel/s)', 8.8),
(7444, 635, 'Harga (Juta Rupiah)', 2.88),
(7445, 636, 'OS Storage Speed (GB/s)', 0.52),
(7446, 636, 'GPU PI (GPixel/s)', 3.5),
(7447, 636, 'Harga (Juta Rupiah)', 3.33),
(7448, 637, 'GPU PI (GPixel/s)', 10.4),
(7449, 637, 'Harga (Juta Rupiah)', 3.85),
(7450, 638, 'OS Storage Speed (GB/s)', 0.52),
(7451, 638, 'GPU PI (GPixel/s)', 15.2),
(7452, 638, 'Harga (Juta Rupiah)', 3.99),
(7453, 639, 'OS Storage Speed (GB/s)', 0.52),
(7454, 639, 'GPU PI (GPixel/s)', 15.2),
(7455, 639, 'Harga (Juta Rupiah)', 4.05),
(7456, 640, 'OS Storage Speed (GB/s)', 0.52),
(7457, 640, 'GPU PI (GPixel/s)', 10.4),
(7458, 640, 'Harga (Juta Rupiah)', 4.55),
(7459, 641, 'OS Storage Speed (GB/s)', 2.4),
(7460, 641, 'GPU PI (GPixel/s)', 15.2),
(7461, 641, 'Harga (Juta Rupiah)', 5.39),
(7462, 642, 'OS Storage Speed (GB/s)', 2.4),
(7463, 642, 'GPU PI (GPixel/s)', 15.2),
(7464, 642, 'Harga (Juta Rupiah)', 5.49),
(7465, 643, 'GPU PI (GPixel/s)', 41.09),
(7466, 643, 'Harga (Juta Rupiah)', 5.99),
(7467, 644, 'OS Storage Speed (GB/s)', 2.4),
(7468, 644, 'GPU PI (GPixel/s)', 41.09),
(7469, 644, 'Harga (Juta Rupiah)', 6.49),
(7470, 645, 'OS Storage Speed (GB/s)', 0.52),
(7471, 645, 'GPU PI (GPixel/s)', 47.04),
(7472, 645, 'Harga (Juta Rupiah)', 7.15),
(7473, 646, 'GPU PI (GPixel/s)', 47.04),
(7474, 646, 'Harga (Juta Rupiah)', 7.29),
(7475, 647, 'GPU PI (GPixel/s)', 10.4),
(7476, 647, 'Harga (Juta Rupiah)', 7.59),
(7477, 648, 'GPU PI (GPixel/s)', 84.96),
(7478, 648, 'Harga (Juta Rupiah)', 7.79),
(7479, 649, 'GPU PI (GPixel/s)', 84.96),
(7480, 649, 'Harga (Juta Rupiah)', 7.89),
(7481, 650, 'OS Storage Speed (GB/s)', 2.4),
(7482, 650, 'GPU PI (GPixel/s)', 90.08),
(7483, 650, 'Harga (Juta Rupiah)', 8.75),
(7484, 651, 'OS Storage Speed (GB/s)', 2.4),
(7485, 651, 'GPU PI (GPixel/s)', 169.9),
(7486, 651, 'Harga (Juta Rupiah)', 11.45),
(7487, 652, 'OS Storage Speed (GB/s)', 3.5),
(7488, 652, 'GPU PI (GPixel/s)', 159.6),
(7489, 652, 'Harga (Juta Rupiah)', 11.69),
(7490, 653, 'OS Storage Speed (GB/s)', 3.5),
(7491, 653, 'GPU PI (GPixel/s)', 169.9),
(7492, 653, 'Harga (Juta Rupiah)', 12.29),
(7493, 654, 'GPU PI (GPixel/s)', 119.9),
(7494, 654, 'Harga (Juta Rupiah)', 12.99),
(7495, 655, 'OS Storage Speed (GB/s)', 0.52),
(7496, 655, 'GPU PI (GPixel/s)', 4.4),
(7497, 655, 'Harga (Juta Rupiah)', 2.83),
(7498, 656, 'OS Storage Speed (GB/s)', 0.52),
(7499, 656, 'GPU PI (GPixel/s)', 8.8),
(7500, 656, 'Harga (Juta Rupiah)', 3.28),
(7501, 657, 'OS Storage Speed (GB/s)', 0.52),
(7502, 657, 'GPU PI (GPixel/s)', 7.22),
(7503, 657, 'Harga (Juta Rupiah)', 4.17),
(7504, 658, 'GPU PI (GPixel/s)', 8.81),
(7505, 658, 'Harga (Juta Rupiah)', 4.17),
(7506, 659, 'OS Storage Speed (GB/s)', 0.52),
(7507, 659, 'GPU PI (GPixel/s)', 8.8),
(7508, 659, 'Harga (Juta Rupiah)', 4.19),
(7509, 660, 'GPU PI (GPixel/s)', 15.2),
(7510, 660, 'Harga (Juta Rupiah)', 4.39),
(7511, 661, 'GPU PI (GPixel/s)', 8.81),
(7512, 661, 'Harga (Juta Rupiah)', 4.9),
(7513, 662, 'GPU PI (GPixel/s)', 15.2),
(7514, 662, 'Harga (Juta Rupiah)', 5.71),
(7515, 663, 'OS Storage Speed (GB/s)', 2.4),
(7516, 663, 'GPU PI (GPixel/s)', 10.4),
(7517, 663, 'Harga (Juta Rupiah)', 5.88),
(7518, 664, 'GPU PI (GPixel/s)', 15.2),
(7519, 664, 'Harga (Juta Rupiah)', 6.51),
(7520, 665, 'OS Storage Speed (GB/s)', 0.52),
(7521, 665, 'GPU PI (GPixel/s)', 28.56),
(7522, 665, 'Harga (Juta Rupiah)', 6.58),
(7523, 666, 'Harga (Juta Rupiah)', 6.77),
(7524, 667, 'OS Storage Speed (GB/s)', 0.52),
(7525, 667, 'GPU PI (GPixel/s)', 44.54),
(7526, 667, 'Harga (Juta Rupiah)', 6.78),
(7527, 668, 'GPU PI (GPixel/s)', 18.93),
(7528, 668, 'Harga (Juta Rupiah)', 6.98),
(7529, 669, 'GPU PI (GPixel/s)', 28.56),
(7530, 669, 'Harga (Juta Rupiah)', 7.44),
(7531, 670, 'GPU PI (GPixel/s)', 74.27),
(7532, 670, 'Harga (Juta Rupiah)', 7.68),
(7533, 671, 'GPU PI (GPixel/s)', 53.28),
(7534, 671, 'Harga (Juta Rupiah)', 7.68),
(7535, 672, 'GPU PI (GPixel/s)', 53.28),
(7536, 672, 'Harga (Juta Rupiah)', 7.83),
(7537, 673, 'GPU PI (GPixel/s)', 53.28),
(7538, 673, 'Harga (Juta Rupiah)', 7.98),
(7539, 674, 'GPU PI (GPixel/s)', 90.08),
(7540, 674, 'Harga (Juta Rupiah)', 8.24),
(7541, 675, 'GPU PI (GPixel/s)', 53.28),
(7542, 675, 'Harga (Juta Rupiah)', 8.28),
(7543, 676, 'GPU PI (GPixel/s)', 74.27),
(7544, 676, 'Harga (Juta Rupiah)', 8.33),
(7545, 677, 'GPU PI (GPixel/s)', 53.28),
(7546, 677, 'Harga (Juta Rupiah)', 8.33),
(7547, 678, 'OS Storage Speed (GB/s)', 1.9),
(7548, 678, 'GPU PI (GPixel/s)', 56.86),
(7549, 678, 'Harga (Juta Rupiah)', 8.43),
(7550, 679, 'GPU PI (GPixel/s)', 53.28),
(7551, 679, 'Harga (Juta Rupiah)', 8.48),
(7552, 680, 'GPU PI (GPixel/s)', 90.08),
(7553, 680, 'Harga (Juta Rupiah)', 8.64),
(7554, 681, 'GPU PI (GPixel/s)', 47.04),
(7555, 681, 'Harga (Juta Rupiah)', 8.89),
(7556, 682, 'GPU PI (GPixel/s)', 90.08),
(7557, 682, 'Harga (Juta Rupiah)', 8.99),
(7558, 683, 'GPU PI (GPixel/s)', 47.04),
(7559, 683, 'Harga (Juta Rupiah)', 9.04),
(7560, 684, 'GPU PI (GPixel/s)', 47.04),
(7561, 684, 'Harga (Juta Rupiah)', 9.24),
(7562, 685, 'GPU PI (GPixel/s)', 85.68),
(7563, 685, 'Harga (Juta Rupiah)', 9.35),
(7564, 686, 'GPU PI (GPixel/s)', 159.4),
(7565, 686, 'Harga (Juta Rupiah)', 9.65),
(7566, 687, 'GPU PI (GPixel/s)', 47.04),
(7567, 687, 'Harga (Juta Rupiah)', 9.75),
(7568, 688, 'GPU PI (GPixel/s)', 85.3),
(7569, 688, 'Harga (Juta Rupiah)', 9.8),
(7570, 689, 'GPU PI (GPixel/s)', 159.4),
(7571, 690, 'GPU PI (GPixel/s)', 47.04),
(7572, 690, 'Harga (Juta Rupiah)', 10.05),
(7573, 691, 'GPU PI (GPixel/s)', 159.4),
(7574, 691, 'Harga (Juta Rupiah)', 10.1),
(7575, 692, 'GPU PI (GPixel/s)', 118.1),
(7576, 692, 'Harga (Juta Rupiah)', 10.1),
(7577, 693, 'GPU PI (GPixel/s)', 169.9),
(7578, 693, 'Harga (Juta Rupiah)', 10.15),
(7579, 694, 'GPU PI (GPixel/s)', 85.68),
(7580, 694, 'Harga (Juta Rupiah)', 10.15),
(7581, 695, 'GPU PI (GPixel/s)', 47.04),
(7582, 695, 'Harga (Juta Rupiah)', 10.2),
(7583, 696, 'GPU PI (GPixel/s)', 97.8),
(7584, 696, 'Harga (Juta Rupiah)', 10.2),
(7585, 697, 'GPU PI (GPixel/s)', 97.8),
(7586, 697, 'Harga (Juta Rupiah)', 10.35),
(7587, 698, 'GPU PI (GPixel/s)', 118.1),
(7588, 698, 'Harga (Juta Rupiah)', 10.4),
(7589, 699, 'GPU PI (GPixel/s)', 118.1),
(7590, 699, 'Harga (Juta Rupiah)', 10.91),
(7591, 700, 'GPU PI (GPixel/s)', 97.8),
(7592, 700, 'Harga (Juta Rupiah)', 11.46),
(7593, 701, 'GPU PI (GPixel/s)', 169.9),
(7594, 701, 'Harga (Juta Rupiah)', 11.77),
(7595, 702, 'GPU PI (GPixel/s)', 118.1),
(7596, 702, 'Harga (Juta Rupiah)', 12.07),
(7597, 703, 'GPU PI (GPixel/s)', 97.8),
(7598, 703, 'Harga (Juta Rupiah)', 12.62),
(7599, 704, 'GPU PI (GPixel/s)', 97.8),
(7600, 704, 'Harga (Juta Rupiah)', 13.08),
(7601, 706, 'GPU PI (GPixel/s)', 97.8),
(7602, 706, 'Harga (Juta Rupiah)', 13.89),
(7603, 707, 'GPU PI (GPixel/s)', 143.6),
(7604, 707, 'Harga (Juta Rupiah)', 15.93),
(7605, 708, 'GPU PI (GPixel/s)', 56.86),
(7606, 708, 'Harga (Juta Rupiah)', 16.68),
(7607, 568, 'OS Storage Speed (GB/s)', 2.4),
(7608, 568, 'GPU PI (GPixel/s)', 41.58),
(7609, 568, 'Harga (Juta Rupiah)', 7.79),
(7610, 569, 'GPU PI (GPixel/s)', 165.7),
(7611, 569, 'Harga (Juta Rupiah)', 12.55),
(7612, 570, 'OS Storage Speed (GB/s)', 2.4),
(7613, 570, 'GPU PI (GPixel/s)', 169.9),
(7614, 570, 'Harga (Juta Rupiah)', 12.99),
(7615, 571, 'GPU PI (GPixel/s)', 97.8),
(7616, 571, 'Harga (Juta Rupiah)', 12.99),
(7617, 572, 'GPU PI (GPixel/s)', 118.1),
(7618, 572, 'Harga (Juta Rupiah)', 15.09),
(7619, 573, 'GPU PI (GPixel/s)', 121.7),
(7620, 573, 'Harga (Juta Rupiah)', 15.49),
(7621, 574, 'GPU PI (GPixel/s)', 118.1),
(7622, 574, 'Harga (Juta Rupiah)', 16.29),
(7623, 575, 'GPU PI (GPixel/s)', 119.9),
(7624, 575, 'Harga (Juta Rupiah)', 16.29),
(7625, 576, 'GPU PI (GPixel/s)', 121.7),
(7626, 576, 'Harga (Juta Rupiah)', 16.79),
(7627, 577, 'GPU PI (GPixel/s)', 121.7),
(7628, 577, 'Harga (Juta Rupiah)', 17.19),
(7629, 578, 'GPU PI (GPixel/s)', 119.9),
(7630, 578, 'Harga (Juta Rupiah)', 17.19),
(7631, 579, 'GPU PI (GPixel/s)', 121.7),
(7632, 579, 'Harga (Juta Rupiah)', 17.79),
(7633, 580, 'Harga (Juta Rupiah)', 18.79),
(7634, 581, 'Harga (Juta Rupiah)', 18.99),
(7635, 582, 'Harga (Juta Rupiah)', 19.49),
(7636, 583, 'OS Storage Speed (GB/s)', 7.4),
(7637, 583, 'Harga (Juta Rupiah)', 21.35),
(7638, 584, 'Harga (Juta Rupiah)', 21.89),
(7639, 585, 'GPU PI (GPixel/s)', 233.3),
(7640, 585, 'Harga (Juta Rupiah)', 22.69),
(7641, 586, 'Harga (Juta Rupiah)', 25.29),
(7642, 587, 'OS Storage Speed (GB/s)', 7.4),
(7643, 587, 'Harga (Juta Rupiah)', 25.39),
(7644, 588, 'OS Storage Speed (GB/s)', 7.4),
(7645, 588, 'Harga (Juta Rupiah)', 25.59),
(7646, 589, 'GPU PI (GPixel/s)', 322.6),
(7647, 589, 'Harga (Juta Rupiah)', 28.59),
(7648, 590, 'GPU PI (GPixel/s)', 41.58),
(7649, 590, 'Harga (Juta Rupiah)', 7.44),
(7650, 591, 'Harga (Juta Rupiah)', 7.52),
(7651, 592, 'GPU PI (GPixel/s)', 53.28),
(7652, 592, 'Harga (Juta Rupiah)', 9.09),
(7653, 593, 'GPU PI (GPixel/s)', 86.4),
(7654, 593, 'Harga (Juta Rupiah)', 9.7),
(7655, 594, 'GPU PI (GPixel/s)', 65.6),
(7656, 594, 'Harga (Juta Rupiah)', 10.2),
(7657, 595, 'GPU PI (GPixel/s)', 47.04),
(7658, 595, 'Harga (Juta Rupiah)', 10.66),
(7659, 596, 'GPU PI (GPixel/s)', 159.4),
(7660, 596, 'Harga (Juta Rupiah)', 10.91),
(7661, 597, 'GPU PI (GPixel/s)', 169.9),
(7662, 597, 'Harga (Juta Rupiah)', 12.1),
(7663, 598, 'GPU PI (GPixel/s)', 118.1),
(7664, 598, 'Harga (Juta Rupiah)', 13.03),
(7665, 599, 'GPU PI (GPixel/s)', 85.3),
(7666, 599, 'Harga (Juta Rupiah)', 13.23),
(7667, 600, 'GPU PI (GPixel/s)', 118.1),
(7668, 600, 'Harga (Juta Rupiah)', 13.53),
(7669, 601, 'GPU PI (GPixel/s)', 159.4),
(7670, 601, 'Harga (Juta Rupiah)', 13.62),
(7671, 709, 'GPU PI (GPixel/s)', 159.4),
(7672, 709, 'Harga (Juta Rupiah)', 14.17),
(7673, 602, 'GPU PI (GPixel/s)', 118.1),
(7674, 602, 'Harga (Juta Rupiah)', 14.09),
(7675, 603, 'GPU PI (GPixel/s)', 118.1),
(7676, 603, 'Harga (Juta Rupiah)', 14.19),
(7677, 604, 'GPU PI (GPixel/s)', 169.9),
(7678, 604, 'Harga (Juta Rupiah)', 14.24),
(7679, 605, 'GPU PI (GPixel/s)', 169.9),
(7680, 605, 'Harga (Juta Rupiah)', 14.34),
(7681, 606, 'GPU PI (GPixel/s)', 97.8),
(7682, 606, 'Harga (Juta Rupiah)', 14.49),
(7683, 607, 'GPU PI (GPixel/s)', 159.4),
(7684, 607, 'Harga (Juta Rupiah)', 14.57),
(7685, 608, 'GPU PI (GPixel/s)', 169.9),
(7686, 608, 'Harga (Juta Rupiah)', 15.58),
(7687, 609, 'GPU PI (GPixel/s)', 118.1),
(7688, 609, 'Harga (Juta Rupiah)', 14.85),
(7689, 610, 'GPU PI (GPixel/s)', 169.9),
(7690, 610, 'Harga (Juta Rupiah)', 14.95),
(7691, 611, 'GPU PI (GPixel/s)', 169.9),
(7692, 612, 'GPU PI (GPixel/s)', 118.1),
(7693, 612, 'Harga (Juta Rupiah)', 15.56),
(7694, 613, 'GPU PI (GPixel/s)', 118.1),
(7695, 613, 'Harga (Juta Rupiah)', 16.72),
(7696, 614, 'GPU PI (GPixel/s)', 121.7),
(7697, 614, 'Harga (Juta Rupiah)', 17.62),
(7698, 615, 'GPU PI (GPixel/s)', 159.4),
(7699, 615, 'Harga (Juta Rupiah)', 17.98),
(7700, 616, 'GPU PI (GPixel/s)', 179.2),
(7701, 616, 'Harga (Juta Rupiah)', 18.09),
(7702, 617, 'GPU PI (GPixel/s)', 176.6),
(7703, 617, 'Harga (Juta Rupiah)', 20.35),
(7704, 618, 'OS Storage Speed (GB/s)', 3.6),
(7705, 618, 'GPU PI (GPixel/s)', 121.7),
(7706, 618, 'Harga (Juta Rupiah)', 20.41),
(7707, 619, 'OS Storage Speed (GB/s)', 3.6),
(7708, 619, 'GPU PI (GPixel/s)', 121.7),
(7709, 619, 'Harga (Juta Rupiah)', 20.96),
(7710, 620, 'GPU PI (GPixel/s)', 179.2),
(7711, 620, 'Harga (Juta Rupiah)', 23.58),
(7712, 621, 'GPU PI (GPixel/s)', 121.7),
(7713, 621, 'Harga (Juta Rupiah)', 25.93),
(7714, 622, 'GPU PI (GPixel/s)', 233.2),
(7715, 622, 'Harga (Juta Rupiah)', 31.71),
(7716, 623, 'OS Storage Speed (GB/s)', 7.4),
(7717, 623, 'GPU PI (GPixel/s)', 380.2),
(7718, 624, 'GPU PI (GPixel/s)', 182.1),
(7719, 624, 'Harga (Juta Rupiah)', 14.59),
(7720, 625, 'GPU PI (GPixel/s)', 143.6),
(7721, 625, 'Harga (Juta Rupiah)', 17.99),
(7722, 626, 'GPU PI (GPixel/s)', 143.6),
(7723, 626, 'Harga (Juta Rupiah)', 19.95),
(7724, 627, 'GPU PI (GPixel/s)', 121.7),
(7725, 627, 'Harga (Juta Rupiah)', 20.7),
(7726, 628, 'GPU PI (GPixel/s)', 218.8),
(7727, 628, 'Harga (Juta Rupiah)', 25.71),
(7728, 629, 'GPU PI (GPixel/s)', 233.2),
(7729, 629, 'Harga (Juta Rupiah)', 29.34),
(7730, 630, 'OS Storage Speed (GB/s)', 3.6),
(7731, 630, 'GPU PI (GPixel/s)', 233.2),
(7732, 630, 'Harga (Juta Rupiah)', 32.71),
(7733, 631, 'GPU PI (GPixel/s)', 479.8),
(7734, 631, 'Harga (Juta Rupiah)', 34.69),
(7735, 632, 'GPU PI (GPixel/s)', 272.6),
(7736, 632, 'Harga (Juta Rupiah)', 42.36),
(7737, 633, 'GPU PI (GPixel/s)', 314.7),
(7738, 633, 'Harga (Juta Rupiah)', 44.67),
(7739, 634, 'GPU PI (GPixel/s)', 302.4),
(7740, 634, 'Harga (Juta Rupiah)', 55.43),
(7741, 635, 'GPU PI (GPixel/s)', 8.8),
(7742, 635, 'Harga (Juta Rupiah)', 2.88),
(7743, 636, 'OS Storage Speed (GB/s)', 0.52),
(7744, 636, 'Harga (Juta Rupiah)', 3.33),
(7745, 637, 'GPU PI (GPixel/s)', 10.4),
(7746, 637, 'Harga (Juta Rupiah)', 3.85),
(7747, 638, 'OS Storage Speed (GB/s)', 0.52),
(7748, 638, 'GPU PI (GPixel/s)', 15.2),
(7749, 638, 'Harga (Juta Rupiah)', 3.99),
(7750, 639, 'OS Storage Speed (GB/s)', 0.52),
(7751, 639, 'GPU PI (GPixel/s)', 15.2),
(7752, 639, 'Harga (Juta Rupiah)', 4.05),
(7753, 640, 'OS Storage Speed (GB/s)', 0.52),
(7754, 640, 'GPU PI (GPixel/s)', 10.4),
(7755, 640, 'Harga (Juta Rupiah)', 4.55),
(7756, 641, 'OS Storage Speed (GB/s)', 2.4),
(7757, 641, 'GPU PI (GPixel/s)', 15.2),
(7758, 641, 'Harga (Juta Rupiah)', 5.39),
(7759, 642, 'OS Storage Speed (GB/s)', 2.4),
(7760, 642, 'GPU PI (GPixel/s)', 15.2),
(7761, 642, 'Harga (Juta Rupiah)', 5.49),
(7762, 643, 'GPU PI (GPixel/s)', 41.09),
(7763, 643, 'Harga (Juta Rupiah)', 5.99),
(7764, 644, 'OS Storage Speed (GB/s)', 2.4),
(7765, 644, 'GPU PI (GPixel/s)', 41.09),
(7766, 644, 'Harga (Juta Rupiah)', 6.49),
(7767, 645, 'OS Storage Speed (GB/s)', 0.52),
(7768, 645, 'GPU PI (GPixel/s)', 47.04),
(7769, 645, 'Harga (Juta Rupiah)', 7.15),
(7770, 646, 'GPU PI (GPixel/s)', 47.04),
(7771, 646, 'Harga (Juta Rupiah)', 7.29),
(7772, 647, 'GPU PI (GPixel/s)', 10.4),
(7773, 647, 'Harga (Juta Rupiah)', 7.59),
(7774, 648, 'GPU PI (GPixel/s)', 84.96),
(7775, 648, 'Harga (Juta Rupiah)', 7.79),
(7776, 649, 'GPU PI (GPixel/s)', 84.96),
(7777, 649, 'Harga (Juta Rupiah)', 7.89),
(7778, 650, 'OS Storage Speed (GB/s)', 2.4),
(7779, 650, 'GPU PI (GPixel/s)', 90.08),
(7780, 651, 'OS Storage Speed (GB/s)', 2.4),
(7781, 651, 'GPU PI (GPixel/s)', 169.9),
(7782, 651, 'Harga (Juta Rupiah)', 11.45),
(7783, 652, 'GPU PI (GPixel/s)', 159.6),
(7784, 652, 'Harga (Juta Rupiah)', 11.69),
(7785, 653, 'GPU PI (GPixel/s)', 169.9),
(7786, 653, 'Harga (Juta Rupiah)', 12.29),
(7787, 654, 'GPU PI (GPixel/s)', 119.9),
(7788, 654, 'Harga (Juta Rupiah)', 12.99),
(7789, 655, 'OS Storage Speed (GB/s)', 0.52),
(7790, 655, 'GPU PI (GPixel/s)', 4.4),
(7791, 655, 'Harga (Juta Rupiah)', 2.83),
(7792, 656, 'OS Storage Speed (GB/s)', 0.52),
(7793, 656, 'GPU PI (GPixel/s)', 8.8),
(7794, 656, 'Harga (Juta Rupiah)', 3.28),
(7795, 657, 'OS Storage Speed (GB/s)', 0.52),
(7796, 657, 'GPU PI (GPixel/s)', 7.22),
(7797, 657, 'Harga (Juta Rupiah)', 4.17),
(7798, 658, 'GPU PI (GPixel/s)', 8.81),
(7799, 658, 'Harga (Juta Rupiah)', 4.17),
(7800, 659, 'OS Storage Speed (GB/s)', 0.52),
(7801, 659, 'GPU PI (GPixel/s)', 8.8),
(7802, 659, 'Harga (Juta Rupiah)', 4.19),
(7803, 660, 'GPU PI (GPixel/s)', 15.2),
(7804, 660, 'Harga (Juta Rupiah)', 4.39),
(7805, 661, 'GPU PI (GPixel/s)', 8.81),
(7806, 661, 'Harga (Juta Rupiah)', 4.9),
(7807, 662, 'GPU PI (GPixel/s)', 15.2),
(7808, 662, 'Harga (Juta Rupiah)', 5.71),
(7809, 663, 'OS Storage Speed (GB/s)', 2.4),
(7810, 663, 'GPU PI (GPixel/s)', 10.4),
(7811, 663, 'Harga (Juta Rupiah)', 5.88),
(7812, 664, 'GPU PI (GPixel/s)', 15.2),
(7813, 664, 'Harga (Juta Rupiah)', 6.51),
(7814, 665, 'OS Storage Speed (GB/s)', 0.52),
(7815, 665, 'GPU PI (GPixel/s)', 28.56),
(7816, 665, 'Harga (Juta Rupiah)', 6.58),
(7817, 666, 'Harga (Juta Rupiah)', 6.77),
(7818, 667, 'OS Storage Speed (GB/s)', 0.52),
(7819, 667, 'GPU PI (GPixel/s)', 44.54),
(7820, 667, 'Harga (Juta Rupiah)', 6.78),
(7821, 668, 'GPU PI (GPixel/s)', 18.93),
(7822, 668, 'Harga (Juta Rupiah)', 6.98),
(7823, 669, 'GPU PI (GPixel/s)', 28.56),
(7824, 669, 'Harga (Juta Rupiah)', 7.44),
(7825, 670, 'GPU PI (GPixel/s)', 74.27),
(7826, 670, 'Harga (Juta Rupiah)', 7.68),
(7827, 671, 'GPU PI (GPixel/s)', 53.28),
(7828, 671, 'Harga (Juta Rupiah)', 7.68),
(7829, 672, 'GPU PI (GPixel/s)', 53.28),
(7830, 672, 'Harga (Juta Rupiah)', 7.83),
(7831, 673, 'GPU PI (GPixel/s)', 53.28),
(7832, 673, 'Harga (Juta Rupiah)', 7.98),
(7833, 674, 'GPU PI (GPixel/s)', 90.08),
(7834, 674, 'Harga (Juta Rupiah)', 8.24),
(7835, 675, 'GPU PI (GPixel/s)', 53.28),
(7836, 675, 'Harga (Juta Rupiah)', 8.28),
(7837, 676, 'GPU PI (GPixel/s)', 74.27),
(7838, 676, 'Harga (Juta Rupiah)', 8.33),
(7839, 677, 'GPU PI (GPixel/s)', 53.28),
(7840, 677, 'Harga (Juta Rupiah)', 8.33),
(7841, 678, 'OS Storage Speed (GB/s)', 1.9),
(7842, 678, 'GPU PI (GPixel/s)', 56.86),
(7843, 678, 'Harga (Juta Rupiah)', 8.43),
(7844, 679, 'GPU PI (GPixel/s)', 53.28),
(7845, 679, 'Harga (Juta Rupiah)', 8.48),
(7846, 680, 'GPU PI (GPixel/s)', 90.08),
(7847, 680, 'Harga (Juta Rupiah)', 8.64),
(7848, 681, 'GPU PI (GPixel/s)', 47.04),
(7849, 681, 'Harga (Juta Rupiah)', 8.89),
(7850, 682, 'GPU PI (GPixel/s)', 90.08),
(7851, 682, 'Harga (Juta Rupiah)', 8.99),
(7852, 683, 'GPU PI (GPixel/s)', 47.04),
(7853, 683, 'Harga (Juta Rupiah)', 9.04),
(7854, 684, 'GPU PI (GPixel/s)', 47.04),
(7855, 684, 'Harga (Juta Rupiah)', 9.24),
(7856, 685, 'GPU PI (GPixel/s)', 85.68),
(7857, 685, 'Harga (Juta Rupiah)', 9.35),
(7858, 686, 'GPU PI (GPixel/s)', 159.4),
(7859, 686, 'Harga (Juta Rupiah)', 9.65),
(7860, 687, 'GPU PI (GPixel/s)', 47.04),
(7861, 688, 'GPU PI (GPixel/s)', 85.3),
(7862, 688, 'Harga (Juta Rupiah)', 9.8),
(7863, 689, 'GPU PI (GPixel/s)', 159.4),
(7864, 690, 'GPU PI (GPixel/s)', 47.04),
(7865, 690, 'Harga (Juta Rupiah)', 10.05),
(7866, 691, 'GPU PI (GPixel/s)', 159.4),
(7867, 691, 'Harga (Juta Rupiah)', 10.1),
(7868, 692, 'GPU PI (GPixel/s)', 118.1),
(7869, 692, 'Harga (Juta Rupiah)', 10.1),
(7870, 693, 'GPU PI (GPixel/s)', 169.9),
(7871, 693, 'Harga (Juta Rupiah)', 10.15),
(7872, 694, 'GPU PI (GPixel/s)', 85.68),
(7873, 694, 'Harga (Juta Rupiah)', 10.15),
(7874, 695, 'GPU PI (GPixel/s)', 47.04),
(7875, 695, 'Harga (Juta Rupiah)', 10.2),
(7876, 696, 'GPU PI (GPixel/s)', 97.8),
(7877, 696, 'Harga (Juta Rupiah)', 10.2),
(7878, 697, 'GPU PI (GPixel/s)', 97.8),
(7879, 697, 'Harga (Juta Rupiah)', 10.35),
(7880, 698, 'GPU PI (GPixel/s)', 118.1),
(7881, 698, 'Harga (Juta Rupiah)', 10.4),
(7882, 699, 'GPU PI (GPixel/s)', 118.1),
(7883, 699, 'Harga (Juta Rupiah)', 10.91),
(7884, 700, 'GPU PI (GPixel/s)', 97.8),
(7885, 700, 'Harga (Juta Rupiah)', 11.46),
(7886, 701, 'GPU PI (GPixel/s)', 169.9),
(7887, 701, 'Harga (Juta Rupiah)', 11.77),
(7888, 702, 'GPU PI (GPixel/s)', 118.1),
(7889, 702, 'Harga (Juta Rupiah)', 12.07),
(7890, 703, 'GPU PI (GPixel/s)', 97.8),
(7891, 703, 'Harga (Juta Rupiah)', 12.62),
(7892, 704, 'GPU PI (GPixel/s)', 97.8),
(7893, 704, 'Harga (Juta Rupiah)', 13.08),
(7894, 706, 'GPU PI (GPixel/s)', 97.8),
(7895, 706, 'Harga (Juta Rupiah)', 13.89),
(7896, 707, 'GPU PI (GPixel/s)', 143.6),
(7897, 707, 'Harga (Juta Rupiah)', 15.93),
(7898, 708, 'GPU PI (GPixel/s)', 56.86),
(7899, 708, 'Harga (Juta Rupiah)', 16.68),
(7900, 568, 'OS Storage Speed (GB/s)', 2.4),
(7901, 568, 'GPU PI (GPixel/s)', 41.58),
(7902, 568, 'Harga (Juta Rupiah)', 7.79),
(7903, 569, 'GPU PI (GPixel/s)', 165.7),
(7904, 569, 'Harga (Juta Rupiah)', 12.55),
(7905, 570, 'OS Storage Speed (GB/s)', 2.4),
(7906, 570, 'GPU PI (GPixel/s)', 169.9),
(7907, 570, 'Harga (Juta Rupiah)', 12.99),
(7908, 571, 'GPU PI (GPixel/s)', 97.8),
(7909, 571, 'Harga (Juta Rupiah)', 12.99),
(7910, 572, 'GPU PI (GPixel/s)', 118.1),
(7911, 572, 'Harga (Juta Rupiah)', 15.09),
(7912, 573, 'GPU PI (GPixel/s)', 121.7),
(7913, 573, 'Harga (Juta Rupiah)', 15.49),
(7914, 574, 'GPU PI (GPixel/s)', 118.1),
(7915, 574, 'Harga (Juta Rupiah)', 16.29),
(7916, 575, 'GPU PI (GPixel/s)', 119.9),
(7917, 575, 'Harga (Juta Rupiah)', 16.29),
(7918, 576, 'GPU PI (GPixel/s)', 121.7),
(7919, 576, 'Harga (Juta Rupiah)', 16.79),
(7920, 577, 'GPU PI (GPixel/s)', 121.7),
(7921, 577, 'Harga (Juta Rupiah)', 17.19),
(7922, 578, 'GPU PI (GPixel/s)', 119.9),
(7923, 578, 'Harga (Juta Rupiah)', 17.19),
(7924, 579, 'GPU PI (GPixel/s)', 121.7),
(7925, 579, 'Harga (Juta Rupiah)', 17.79),
(7926, 580, 'Harga (Juta Rupiah)', 18.79),
(7927, 581, 'Harga (Juta Rupiah)', 18.99),
(7928, 582, 'Harga (Juta Rupiah)', 19.49),
(7929, 583, 'OS Storage Speed (GB/s)', 7.4),
(7930, 583, 'Harga (Juta Rupiah)', 21.35),
(7931, 584, 'Harga (Juta Rupiah)', 21.89),
(7932, 585, 'GPU PI (GPixel/s)', 233.3),
(7933, 585, 'Harga (Juta Rupiah)', 22.69),
(7934, 586, 'Harga (Juta Rupiah)', 25.29),
(7935, 587, 'OS Storage Speed (GB/s)', 7.4),
(7936, 587, 'Harga (Juta Rupiah)', 25.39),
(7937, 588, 'OS Storage Speed (GB/s)', 7.4),
(7938, 588, 'Harga (Juta Rupiah)', 25.59),
(7939, 589, 'GPU PI (GPixel/s)', 322.6),
(7940, 589, 'Harga (Juta Rupiah)', 28.59),
(7941, 590, 'GPU PI (GPixel/s)', 41.58),
(7942, 590, 'Harga (Juta Rupiah)', 7.44),
(7943, 591, 'Harga (Juta Rupiah)', 7.52),
(7944, 592, 'GPU PI (GPixel/s)', 53.28),
(7945, 592, 'Harga (Juta Rupiah)', 9.09),
(7946, 593, 'GPU PI (GPixel/s)', 86.4),
(7947, 593, 'Harga (Juta Rupiah)', 9.7),
(7948, 594, 'GPU PI (GPixel/s)', 65.6),
(7949, 594, 'Harga (Juta Rupiah)', 10.2),
(7950, 595, 'GPU PI (GPixel/s)', 47.04),
(7951, 595, 'Harga (Juta Rupiah)', 10.66),
(7952, 596, 'GPU PI (GPixel/s)', 159.4),
(7953, 596, 'Harga (Juta Rupiah)', 10.91),
(7954, 597, 'GPU PI (GPixel/s)', 169.9),
(7955, 597, 'Harga (Juta Rupiah)', 12.1),
(7956, 598, 'GPU PI (GPixel/s)', 118.1),
(7957, 598, 'Harga (Juta Rupiah)', 13.03),
(7958, 599, 'GPU PI (GPixel/s)', 85.3),
(7959, 599, 'Harga (Juta Rupiah)', 13.23),
(7960, 600, 'GPU PI (GPixel/s)', 118.1),
(7961, 600, 'Harga (Juta Rupiah)', 13.53),
(7962, 601, 'GPU PI (GPixel/s)', 159.4),
(7963, 601, 'Harga (Juta Rupiah)', 13.62),
(7964, 709, 'GPU PI (GPixel/s)', 159.4),
(7965, 709, 'Harga (Juta Rupiah)', 14.17),
(7966, 602, 'GPU PI (GPixel/s)', 118.1),
(7967, 602, 'Harga (Juta Rupiah)', 14.09),
(7968, 603, 'GPU PI (GPixel/s)', 118.1),
(7969, 603, 'Harga (Juta Rupiah)', 14.19),
(7970, 604, 'GPU PI (GPixel/s)', 169.9),
(7971, 604, 'Harga (Juta Rupiah)', 14.24),
(7972, 605, 'GPU PI (GPixel/s)', 169.9),
(7973, 605, 'Harga (Juta Rupiah)', 14.34),
(7974, 606, 'GPU PI (GPixel/s)', 97.8),
(7975, 606, 'Harga (Juta Rupiah)', 14.49),
(7976, 607, 'GPU PI (GPixel/s)', 159.4),
(7977, 607, 'Harga (Juta Rupiah)', 14.57),
(7978, 608, 'GPU PI (GPixel/s)', 169.9),
(7979, 608, 'Harga (Juta Rupiah)', 15.58),
(7980, 609, 'GPU PI (GPixel/s)', 118.1),
(7981, 609, 'Harga (Juta Rupiah)', 14.85),
(7982, 610, 'GPU PI (GPixel/s)', 169.9),
(7983, 610, 'Harga (Juta Rupiah)', 14.95),
(7984, 611, 'GPU PI (GPixel/s)', 169.9),
(7985, 612, 'GPU PI (GPixel/s)', 118.1),
(7986, 612, 'Harga (Juta Rupiah)', 15.56),
(7987, 613, 'GPU PI (GPixel/s)', 118.1),
(7988, 613, 'Harga (Juta Rupiah)', 16.72),
(7989, 614, 'GPU PI (GPixel/s)', 121.7),
(7990, 614, 'Harga (Juta Rupiah)', 17.62),
(7991, 615, 'GPU PI (GPixel/s)', 159.4),
(7992, 615, 'Harga (Juta Rupiah)', 17.98),
(7993, 616, 'GPU PI (GPixel/s)', 179.2),
(7994, 616, 'Harga (Juta Rupiah)', 18.09),
(7995, 617, 'GPU PI (GPixel/s)', 176.6),
(7996, 617, 'Harga (Juta Rupiah)', 20.35),
(7997, 618, 'OS Storage Speed (GB/s)', 3.6),
(7998, 618, 'GPU PI (GPixel/s)', 121.7),
(7999, 618, 'Harga (Juta Rupiah)', 20.41),
(8000, 619, 'OS Storage Speed (GB/s)', 3.6),
(8001, 619, 'GPU PI (GPixel/s)', 121.7),
(8002, 619, 'Harga (Juta Rupiah)', 20.96),
(8003, 620, 'GPU PI (GPixel/s)', 179.2),
(8004, 620, 'Harga (Juta Rupiah)', 23.58),
(8005, 621, 'GPU PI (GPixel/s)', 121.7),
(8006, 621, 'Harga (Juta Rupiah)', 25.93),
(8007, 622, 'GPU PI (GPixel/s)', 233.2),
(8008, 622, 'Harga (Juta Rupiah)', 31.71),
(8009, 623, 'OS Storage Speed (GB/s)', 7.4),
(8010, 623, 'GPU PI (GPixel/s)', 380.2),
(8011, 624, 'GPU PI (GPixel/s)', 182.1),
(8012, 624, 'Harga (Juta Rupiah)', 14.59),
(8013, 625, 'GPU PI (GPixel/s)', 143.6),
(8014, 625, 'Harga (Juta Rupiah)', 17.99),
(8015, 626, 'GPU PI (GPixel/s)', 143.6),
(8016, 626, 'Harga (Juta Rupiah)', 19.95),
(8017, 627, 'GPU PI (GPixel/s)', 121.7),
(8018, 627, 'Harga (Juta Rupiah)', 20.7),
(8019, 628, 'GPU PI (GPixel/s)', 218.8),
(8020, 628, 'Harga (Juta Rupiah)', 25.71),
(8021, 629, 'GPU PI (GPixel/s)', 233.2),
(8022, 629, 'Harga (Juta Rupiah)', 29.34),
(8023, 630, 'OS Storage Speed (GB/s)', 3.6),
(8024, 630, 'GPU PI (GPixel/s)', 233.2),
(8025, 630, 'Harga (Juta Rupiah)', 32.71),
(8026, 631, 'GPU PI (GPixel/s)', 479.8),
(8027, 631, 'Harga (Juta Rupiah)', 34.69),
(8028, 632, 'GPU PI (GPixel/s)', 272.6),
(8029, 632, 'Harga (Juta Rupiah)', 42.36),
(8030, 633, 'GPU PI (GPixel/s)', 314.7),
(8031, 633, 'Harga (Juta Rupiah)', 44.67),
(8032, 634, 'GPU PI (GPixel/s)', 302.4),
(8033, 634, 'Harga (Juta Rupiah)', 55.43),
(8034, 635, 'GPU PI (GPixel/s)', 8.8),
(8035, 635, 'Harga (Juta Rupiah)', 2.88),
(8036, 636, 'OS Storage Speed (GB/s)', 0.52),
(8037, 636, 'Harga (Juta Rupiah)', 3.33),
(8038, 637, 'GPU PI (GPixel/s)', 10.4),
(8039, 637, 'Harga (Juta Rupiah)', 3.85),
(8040, 638, 'OS Storage Speed (GB/s)', 0.52),
(8041, 638, 'GPU PI (GPixel/s)', 15.2),
(8042, 638, 'Harga (Juta Rupiah)', 3.99),
(8043, 639, 'OS Storage Speed (GB/s)', 0.52),
(8044, 639, 'GPU PI (GPixel/s)', 15.2),
(8045, 639, 'Harga (Juta Rupiah)', 4.05),
(8046, 640, 'OS Storage Speed (GB/s)', 0.52),
(8047, 640, 'GPU PI (GPixel/s)', 10.4),
(8048, 640, 'Harga (Juta Rupiah)', 4.55),
(8049, 641, 'OS Storage Speed (GB/s)', 2.4),
(8050, 641, 'GPU PI (GPixel/s)', 15.2),
(8051, 641, 'Harga (Juta Rupiah)', 5.39),
(8052, 642, 'OS Storage Speed (GB/s)', 2.4),
(8053, 642, 'GPU PI (GPixel/s)', 15.2),
(8054, 642, 'Harga (Juta Rupiah)', 5.49),
(8055, 643, 'GPU PI (GPixel/s)', 41.09),
(8056, 643, 'Harga (Juta Rupiah)', 5.99),
(8057, 644, 'OS Storage Speed (GB/s)', 2.4),
(8058, 644, 'GPU PI (GPixel/s)', 41.09),
(8059, 644, 'Harga (Juta Rupiah)', 6.49),
(8060, 645, 'OS Storage Speed (GB/s)', 0.52),
(8061, 645, 'GPU PI (GPixel/s)', 47.04),
(8062, 645, 'Harga (Juta Rupiah)', 7.15),
(8063, 646, 'GPU PI (GPixel/s)', 47.04),
(8064, 646, 'Harga (Juta Rupiah)', 7.29),
(8065, 647, 'GPU PI (GPixel/s)', 10.4),
(8066, 647, 'Harga (Juta Rupiah)', 7.59),
(8067, 648, 'GPU PI (GPixel/s)', 84.96),
(8068, 648, 'Harga (Juta Rupiah)', 7.79),
(8069, 649, 'GPU PI (GPixel/s)', 84.96),
(8070, 649, 'Harga (Juta Rupiah)', 7.89),
(8071, 650, 'OS Storage Speed (GB/s)', 2.4),
(8072, 650, 'GPU PI (GPixel/s)', 90.08),
(8073, 651, 'OS Storage Speed (GB/s)', 2.4),
(8074, 651, 'GPU PI (GPixel/s)', 169.9),
(8075, 651, 'Harga (Juta Rupiah)', 11.45),
(8076, 652, 'GPU PI (GPixel/s)', 159.6),
(8077, 652, 'Harga (Juta Rupiah)', 11.69),
(8078, 653, 'GPU PI (GPixel/s)', 169.9),
(8079, 653, 'Harga (Juta Rupiah)', 12.29),
(8080, 654, 'GPU PI (GPixel/s)', 119.9),
(8081, 654, 'Harga (Juta Rupiah)', 12.99),
(8082, 655, 'OS Storage Speed (GB/s)', 0.52),
(8083, 655, 'GPU PI (GPixel/s)', 4.4),
(8084, 655, 'Harga (Juta Rupiah)', 2.83),
(8085, 656, 'OS Storage Speed (GB/s)', 0.52),
(8086, 656, 'GPU PI (GPixel/s)', 8.8),
(8087, 656, 'Harga (Juta Rupiah)', 3.28),
(8088, 657, 'OS Storage Speed (GB/s)', 0.52),
(8089, 657, 'GPU PI (GPixel/s)', 7.22),
(8090, 657, 'Harga (Juta Rupiah)', 4.17),
(8091, 658, 'GPU PI (GPixel/s)', 8.81),
(8092, 658, 'Harga (Juta Rupiah)', 4.17),
(8093, 659, 'OS Storage Speed (GB/s)', 0.52),
(8094, 659, 'GPU PI (GPixel/s)', 8.8),
(8095, 659, 'Harga (Juta Rupiah)', 4.19),
(8096, 660, 'GPU PI (GPixel/s)', 15.2),
(8097, 660, 'Harga (Juta Rupiah)', 4.39),
(8098, 661, 'GPU PI (GPixel/s)', 8.81),
(8099, 661, 'Harga (Juta Rupiah)', 4.9),
(8100, 662, 'GPU PI (GPixel/s)', 15.2),
(8101, 662, 'Harga (Juta Rupiah)', 5.71),
(8102, 663, 'OS Storage Speed (GB/s)', 2.4),
(8103, 663, 'GPU PI (GPixel/s)', 10.4),
(8104, 663, 'Harga (Juta Rupiah)', 5.88),
(8105, 664, 'GPU PI (GPixel/s)', 15.2),
(8106, 664, 'Harga (Juta Rupiah)', 6.51),
(8107, 665, 'OS Storage Speed (GB/s)', 0.52),
(8108, 665, 'GPU PI (GPixel/s)', 28.56),
(8109, 665, 'Harga (Juta Rupiah)', 6.58),
(8110, 666, 'Harga (Juta Rupiah)', 6.77),
(8111, 667, 'OS Storage Speed (GB/s)', 0.52),
(8112, 667, 'GPU PI (GPixel/s)', 44.54),
(8113, 667, 'Harga (Juta Rupiah)', 6.78),
(8114, 668, 'GPU PI (GPixel/s)', 18.93),
(8115, 668, 'Harga (Juta Rupiah)', 6.98),
(8116, 669, 'GPU PI (GPixel/s)', 28.56),
(8117, 669, 'Harga (Juta Rupiah)', 7.44),
(8118, 670, 'GPU PI (GPixel/s)', 74.27),
(8119, 670, 'Harga (Juta Rupiah)', 7.68),
(8120, 671, 'GPU PI (GPixel/s)', 53.28),
(8121, 671, 'Harga (Juta Rupiah)', 7.68),
(8122, 672, 'GPU PI (GPixel/s)', 53.28),
(8123, 672, 'Harga (Juta Rupiah)', 7.83),
(8124, 673, 'GPU PI (GPixel/s)', 53.28),
(8125, 673, 'Harga (Juta Rupiah)', 7.98),
(8126, 674, 'GPU PI (GPixel/s)', 90.08),
(8127, 674, 'Harga (Juta Rupiah)', 8.24),
(8128, 675, 'GPU PI (GPixel/s)', 53.28),
(8129, 675, 'Harga (Juta Rupiah)', 8.28),
(8130, 676, 'GPU PI (GPixel/s)', 74.27),
(8131, 676, 'Harga (Juta Rupiah)', 8.33),
(8132, 677, 'GPU PI (GPixel/s)', 53.28),
(8133, 677, 'Harga (Juta Rupiah)', 8.33),
(8134, 678, 'OS Storage Speed (GB/s)', 1.9),
(8135, 678, 'GPU PI (GPixel/s)', 56.86),
(8136, 678, 'Harga (Juta Rupiah)', 8.43),
(8137, 679, 'GPU PI (GPixel/s)', 53.28),
(8138, 679, 'Harga (Juta Rupiah)', 8.48),
(8139, 680, 'GPU PI (GPixel/s)', 90.08),
(8140, 680, 'Harga (Juta Rupiah)', 8.64),
(8141, 681, 'GPU PI (GPixel/s)', 47.04),
(8142, 681, 'Harga (Juta Rupiah)', 8.89),
(8143, 682, 'GPU PI (GPixel/s)', 90.08),
(8144, 682, 'Harga (Juta Rupiah)', 8.99),
(8145, 683, 'GPU PI (GPixel/s)', 47.04),
(8146, 683, 'Harga (Juta Rupiah)', 9.04),
(8147, 684, 'GPU PI (GPixel/s)', 47.04),
(8148, 684, 'Harga (Juta Rupiah)', 9.24),
(8149, 685, 'GPU PI (GPixel/s)', 85.68),
(8150, 685, 'Harga (Juta Rupiah)', 9.35),
(8151, 686, 'GPU PI (GPixel/s)', 159.4),
(8152, 686, 'Harga (Juta Rupiah)', 9.65),
(8153, 687, 'GPU PI (GPixel/s)', 47.04),
(8154, 688, 'GPU PI (GPixel/s)', 85.3),
(8155, 688, 'Harga (Juta Rupiah)', 9.8),
(8156, 689, 'GPU PI (GPixel/s)', 159.4),
(8157, 690, 'GPU PI (GPixel/s)', 47.04),
(8158, 690, 'Harga (Juta Rupiah)', 10.05),
(8159, 691, 'GPU PI (GPixel/s)', 159.4),
(8160, 691, 'Harga (Juta Rupiah)', 10.1),
(8161, 692, 'GPU PI (GPixel/s)', 118.1),
(8162, 692, 'Harga (Juta Rupiah)', 10.1),
(8163, 693, 'GPU PI (GPixel/s)', 169.9),
(8164, 693, 'Harga (Juta Rupiah)', 10.15),
(8165, 694, 'GPU PI (GPixel/s)', 85.68),
(8166, 694, 'Harga (Juta Rupiah)', 10.15),
(8167, 695, 'GPU PI (GPixel/s)', 47.04),
(8168, 695, 'Harga (Juta Rupiah)', 10.2),
(8169, 696, 'GPU PI (GPixel/s)', 97.8),
(8170, 696, 'Harga (Juta Rupiah)', 10.2),
(8171, 697, 'GPU PI (GPixel/s)', 97.8),
(8172, 697, 'Harga (Juta Rupiah)', 10.35),
(8173, 698, 'GPU PI (GPixel/s)', 118.1),
(8174, 698, 'Harga (Juta Rupiah)', 10.4),
(8175, 699, 'GPU PI (GPixel/s)', 118.1),
(8176, 699, 'Harga (Juta Rupiah)', 10.91),
(8177, 700, 'GPU PI (GPixel/s)', 97.8),
(8178, 700, 'Harga (Juta Rupiah)', 11.46),
(8179, 701, 'GPU PI (GPixel/s)', 169.9),
(8180, 701, 'Harga (Juta Rupiah)', 11.77),
(8181, 702, 'GPU PI (GPixel/s)', 118.1),
(8182, 702, 'Harga (Juta Rupiah)', 12.07),
(8183, 703, 'GPU PI (GPixel/s)', 97.8),
(8184, 703, 'Harga (Juta Rupiah)', 12.62),
(8185, 704, 'GPU PI (GPixel/s)', 97.8),
(8186, 704, 'Harga (Juta Rupiah)', 13.08),
(8187, 706, 'GPU PI (GPixel/s)', 97.8),
(8188, 706, 'Harga (Juta Rupiah)', 13.89),
(8189, 707, 'GPU PI (GPixel/s)', 143.6),
(8190, 707, 'Harga (Juta Rupiah)', 15.93),
(8191, 708, 'GPU PI (GPixel/s)', 56.86),
(8192, 708, 'Harga (Juta Rupiah)', 16.68);

-- --------------------------------------------------------

--
-- Table structure for table `nama_pc`
--

CREATE TABLE `nama_pc` (
  `id_pc` int(11) NOT NULL,
  `nama_pc` varchar(250) NOT NULL
) ENGINE=InnoDB DEFAULT CHARSET=utf8mb4 COLLATE=utf8mb4_general_ci;

--
-- Dumping data for table `nama_pc`
--

INSERT INTO `nama_pc` (`id_pc`, `nama_pc`) VALUES
(1, 'EK Office Fizzword Red-X V2 | AMD Ryzen 3 3200G, AMD Radeon Vega 8'),
(2, 'EK Office Fizzword Blue-X V2 | Intel Core i3 10105, Intel UHD Grapics 630'),
(3, 'EK Office Fizzword Blue-XII | Intel Core i3 12100, Intel UHD Grapics 730'),
(4, 'EK Gaming BattleStealth Lite | AMD Ryzen 5 4600G, AMD Radeon Vega 7'),
(5, 'EK Office Fizzword PRO Red | AMD Ryzen 5 4600G, AMD Radeon Vega 7'),
(6, 'EK Office Fizzword PRO Blue-XII V2 | Intel Core i5 12400, Intel UHD Grapics 730'),
(7, 'EK Gaming BattleStealth | AMD Ryzen 5 5600GT, AMD Radeon Vega 7'),
(8, 'EK Gaming BattleStealth WHITE | AMD Ryzen 5 5600GT, AMD Radeon Vega 7'),
(9, 'EK Gaming BattleConceptor 580 | AMD Ryzen 5 5500, AMD Radeon RX 580'),
(10, 'EK Gaming BattleFragment 580 | Intel Core i5 10400F,  AMD Radeon RX 580'),
(11, 'EK Gaming BattleFragment PRO 305 | Intel Core i5 11400F, NVIDIA GeForce RTX 3050'),
(12, 'EK Gaming BattleLionz 305 | Intel Core i3 12100F, NVIDIA GeForce RTX 3050'),
(13, 'EK Office EduTech WH D5 | Intel Core i5 12400, Intel UHD Grapics 730'),
(14, 'EK Gaming BattleStealth D5 | AMD Ryzen 5 8600G, AMD Radeon 760M'),
(15, 'EK Gaming BattleConceptor 166Ti | AMD Ryzen 5 5500, NVIDIA GeForce GTX 1660 Ti'),
(16, 'EK Gaming BattleFragment PRO 166Ti | Intel Core i5 11400F, NVIDIA GeForce GTX 1660 Ti'),
(17, 'EK Gaming BattleMoonz 650 XT | AMD Ryzen 5 5600, AMD Radeon RX 6500 XT'),
(18, 'EK Gaming BattleMoonz 760 | AMD Ryzen 5 5600, AMD Radeon RX 7600'),
(19, 'EK Theme PRIME GANK | Intel Core i5 12400F, Intel ARC B570'),
(20, 'EK Gaming BattleStar 760 | Intel Core i5 12400F, AMD Radeon RX 7600'),
(21, 'EK Gaming BattleMoonz PRO 660XT | AMD Ryzen 5 8400F, AMD Radeon RX 6600 XT'),
(22, 'EK Gaming BattleMoonz PRO 760 | AMD Ryzen 5 7500F, AMD Radeon RX 7600'),
(23, 'EK Gaming BattleMoonz PRO 306 | AMD Ryzen 5 8400F, NVIDIA GeForce RTX 3060'),
(24, 'EK Gaming BattleStar 506 | Intel Core i5 12400F, NVIDIA GeForce RTX 5060'),
(25, 'EK Gaming BattleForteer 406 | AMD Ryzen 5 7500F, NVIDIA GeForce RTX 4060'),
(26, 'EK Gaming BattleForteer 406Ti | AMD Ryzen 5 8400F, NVIDIA GeForce RTX 4060 Ti'),
(27, 'EK Theme X Alter Ego Persona 406 | AMD Ryzen 5 7600, NVIDIA GeForce RTX 4060'),
(28, 'EK Gaming BattleForties V3 506 | Intel Core Ultra 5 225F, NVIDIA GeForce RTX 5060'),
(29, 'EK Gaming BattleForties PRO 406Ti | Intel Core i5-14400F, NVIDIA GeForce RTX 4060 Ti'),
(30, 'EK Gaming BattleForteer PRO 406Ti | AMD Ryzen 7 8700F, NVIDIA GeForce RTX 4060 Ti'),
(31, 'EK Gaming BattleForteer 506 | AMD Ryzen 5 7500F, NVIDIA GeForce RTX 5060'),
(32, 'EK Creator Alpha 406Ti | AMD Ryzen 5 7600X, NVIDIA GeForce RTX 4060 Ti'),
(33, 'EK Gaming BattleForteer V3 506Ti | AMD Ryzen 5 7600X, NVIDIA GeForce RTX 5060 Ti'),
(34, 'EK Gaming BattleForties PRO 506Ti | Intel Core i5-14400F, NVIDIA GeForce RTX 5060 Ti'),
(35, 'EK Gaming BattleForties V3 506Ti SNOW | Intel Core Ultra 5 225F, NVIDIA GeForce RTX 5060 Ti'),
(36, 'EK AI Arrow 506Ti | Intel Core Ultra 5 225F, NVIDIA GeForce RTX 5060 Ti'),
(37, 'EK Gaming BattleForteer V3 506Ti-16G | AMD Ryzen 5 7600X, NVIDIA GeForce RTX 5060 Ti'),
(38, 'EK Gaming BattleMoonz PRO 770XT | AMD Ryzen 5 7600X, AMD Radeon RX 7700 XT'),
(39, 'EK Gaming BattleForteer V3 507 | AMD Ryzen 5 9600X, NVIDIA GeForce RTX 5070'),
(40, 'EK Gaming BattleForteer Pro 780XT | AMD Ryzen 7 7800X3D, AMD Radeon RX 7800 XT'),
(41, 'EK Gaming BattleXtream 780XT | AMD Ryzen 7 7800X3D, AMD Radeon RX 7800 XT'),
(42, 'EK Gaming BattleForteer Pro 907 | AMD Ryzen 7 7800X3D, AMD Radeon RX 9070'),
(43, 'EK Gaming BattleForteer Pro 907XT | AMD Ryzen 7 9700X, AMD Radeon RX 9070 XT'),
(44, 'COC Elite Station 1.8 - Paket PC Rakitan Athlon 3000G, AMD Radeon Vega 3'),
(45, 'COC Elite Station 1.9 - Paket PC Rakitan AMD Ryzen 3 3200G, AMD Radeon Vega 8'),
(46, 'COC Offices Box V10.0 - Paket PC Rakitan Office Intel Core i3 10105F, NVIDIA GeForce GT 730 GDDR5'),
(47, 'COC Elite Station 3.0 - Paket PC Rakitan AMD Ryzen 3 4300G, AMD Radeon Vega 6'),
(48, 'COC Elite Station 1.0 - Paket PC Rakitan AMD Ryzen 3 3200G, AMD Radeon Vega 8'),
(49, 'COC Elite Station 4.0 - Paket PC Rakitan AMD Ryzen 5 4600G, AMD Radeon Vega 7'),
(50, 'COC Elite I - Paket AMD Ryzen 3 PRO 4350G, AMD Radeon Vega 6'),
(51, 'COC Elite Pro - Paket AMD Ryzen 5 PRO 4650G, AMD Radeon Vega 7'),
(52, 'COC Mini Box V10.0 - Paket Rakitan Mini PC Intel Pentium Gold G7400, Intel UHD Grapics 710'),
(53, 'COC Elite Station 5.0 - Paket PC Rakitan AMD Ryzen 5 5600G, AMD Radeon Vega 7'),
(54, 'COC Gamers Box V14.3 - Paket PC Rakitan Intel Core i3 10105F, NVIDIA GeForce GTX 1630'),
(55, 'COC Elite Station 7.0 - Paket PC Rakitan AMD Ryzen 5 8500G, AMD Radeon 740M'),
(56, 'COC Gamers Box V14.5 - Paket PC Rakitan Intel Core i3 10105F, NVIDIA GeForce GTX 1050 Ti'),
(57, 'COC Battle Playground V10.0 - Paket PC Rakitan AMD Ryzen 5 3600, AMD Radeon RX 550'),
(58, 'COC Gamers Box V64.0 - Paket PC Rakitan Intel Core i3 12100F, NVIDIA GeForce GTX 1630'),
(59, 'COC Elite Station 8.0 - Paket PC Rakitan AMD Ryzen 5 8600G, AMD Radeon 760M'),
(60, 'COC Elite Station 6.0 - Paket PC Rakitan AMD Ryzen 7 5700G, AMD Radeon Vega 8'),
(61, 'COC Battle Station V13.0 - Paket PC Rakitan AMD Ryzen 5 5500, AMD Radeon RX 6400'),
(62, 'COC Gamers Box V60.0 - Paket PC Rakitan Intel Core i3 12100F, NVIDIA GeForce GTX 1650'),
(63, 'COC Gamers Box V85.0 - Paket PC Rakitan Intel Core i3 13100F, NVIDIA GeForce GTX 1650'),
(64, 'COC Gamers Box V62.0 - Paket PC Rakitan Intel Core i3 12100F, NVIDIA GeForce GTX 1650'),
(65, 'COC Battle Station V20.2 - Paket PC Rakitan AMD Ryzen 5 3600, AMD Radeon RX 6500 XT'),
(66, 'COC Gamers Box V23.0 - Paket PC Rakitan Intel Core i5 10400F, NVIDIA GeForce GTX 1650'),
(67, 'COC Battle Station V12.0 - Paket PC Rakitan AMD Ryzen 5 5600, AMD Radeon RX 6400'),
(68, 'COC Gamers Box V23.5 - Paket PC Rakitan Intel Core i5 11400F, NVIDIA GeForce GTX 1650'),
(69, 'COC Gamers Box V129.8 - Paket PC Rakitan AMD Ryzen 5 5600, NVIDIA GeForce RTX 3050'),
(70, 'COC Gamers Box V65.0 - Paket PC Rakitan Intel Core i5 12400F, NVIDIA GeForce GTX 1650'),
(71, 'COC Battle Station V20.0 - Paket PC Rakitan AMD Ryzen 5 3600, AMD Radeon RX 6500 XT'),
(72, 'COC Gamers Box V68.0 - Paket PC Rakitan Intel Core i5 12400F, NVIDIA GeForce RTX 3050'),
(73, 'COC Battle Station V21.0 - Paket PC Rakitan AMD Ryzen 5 5600X, AMD Radeon RX 6500 XT'),
(74, 'COC Gamers Box V98.0 - Paket PC Rakitan Intel Core i3 13100F, NVIDIA GeForce RTX 3050'),
(75, 'COC Gamers Box V90.0 - Paket PC Rakitan Intel Core i5 13400F, NVIDIA GeForce GTX 1650'),
(76, 'COC Holy Box V18.0 White - Paket PC Rakitan Intel Core i3 12100F, NVIDIA GeForce RTX 3050'),
(77, 'COC Gamers Box V72.0 - PC Rakitan Intel Core i3 12100F, NVIDIA GeForce GTX 1660 SUPER'),
(78, 'COC Holy Box V18.0 White - Paket PC Rakitan AMD Ryzen 5 5500, AMD Radeon RX 6600'),
(79, 'COC Elite Station 9.0 - Paket PC Rakitan AMD Ryzen 7 8700G, AMD Radeon 780M'),
(80, 'COC Gamers Box V78.5 - Paket PC Rakitan AMD Ryzen 5 5500, NVIDIA GeForce RTX 3050'),
(81, 'COC Gamers Box V71.2 - Paket PC Rakitan Intel Core i3 12100F, NVIDIA GeForce RTX 3060'),
(82, 'COC PC DKID X TLM - Paket PC Rakitan Intel Core i3 13100F, AMD Radeon RX 6600'),
(83, 'COC Gamers Box V75.0 - Paket PC Rakitan Intel Core i5 12400F, NVIDIA GeForce RTX 3050'),
(84, 'COC Battle Station V25.0 - Paket PC Rakitan AMD Ryzen 5 5600X, AMD Radeon RX 6600'),
(85, 'COC Gamers Box V129.8 - Paket PC Rakitan AMD Ryzen 5 5600, NVIDIA GeForce RTX 4060'),
(86, 'COC Battle Station V73.0 - Paket PC Rakitan AMD Ryzen 5 5500, AMD Radeon RX 7600'),
(87, 'COC Gamers Box V25.2 - Paket PC Rakitan Intel Core i5 11400F, NVIDIA GeForce GTX 1660 SUPER'),
(88, 'COC Streamers Box V20.0 - Paket PC Rakitan Intel Core i5 12400F, NVIDIA GeForce RTX 3050'),
(89, 'COC Gamers Box V70.8 - Paket PC Rakitan Intel Core i3 12100F, NVIDIA GeForce RTX 3060'),
(90, 'COC Battlerig V20.0 - Paket PC Rakitan Intel Core i5 13400F, Intel ARC A380'),
(91, 'COC Gamers Box V108.0 - Paket PC Rakitan Intel Core i3 13100F, NVIDIA GeForce RTX 3060'),
(92, 'COC Gamers Box V129.0 - Paket PC Rakitan Intel Core i5 12400F, NVIDIA GeForce RTX 4060'),
(93, 'COC Gamers Box V93.0 - Paket PC Rakitan Intel Core i5 13400F, NVIDIA GeForce RTX 3050'),
(94, 'COC Gamers Box V128.0 - Paket PC Rakitan Intel Core i3 12100F, NVIDIA GeForce RTX 4060'),
(95, 'COC Battle Station V65.8 - Paket PC Rakitan AMD Ryzen 5 7500F, AMD Radeon RX 6600'),
(96, 'COC Streamers Box V10.3 - Paket PC Rakitan Intel Core i5 11400F, NVIDIA GeForce RTX 3060'),
(97, 'COC Battle Station V70.0 - Paket PC Rakitan AMD Ryzen 5 5600X, AMD Radeon RX 7600'),
(98, 'COC Gamers Box V125.0 - Paket PC Rakitan Intel Core i3 13100F, NVIDIA GeForce RTX 4060'),
(99, 'COC Battle Station V65.5 - Paket PC Rakitan AMD Ryzen 5 7500F, AMD Radeon RX 7600'),
(100, 'COC Gamers Box V33.0 - Paket PC Rakitan AMD Ryzen 5 5600X, NVIDIA GeForce RTX 3060'),
(101, 'COC Gamers Box V135.0 - Paket PC Rakitan Intel Core i5 14400F, NVIDIA GeForce RTX 4060'),
(102, 'COC Streamers Box V13.3 - Paket PC Rakitan Intel Core i5 11400F, NVIDIA GeForce RTX 3060'),
(103, 'COC Streamers Box V30.0 - Paket PC Rakitan Intel Core i5 13400F, NVIDIA GeForce RTX 3060'),
(104, 'COC Gamers Box V130.0 - Paket PC Rakitan Intel Core i5 13400F, NVIDIA GeForce RTX 4060'),
(105, 'COC Battle Station X Gaptech.id V10.0 - Intel Core i5 13400F, 16GB, AMD Radeon RX 6600'),
(106, 'COC Battle Station X Gaptech.id V10.0 - Intel Core i5 13400F, 32GB, AMD Radeon RX 6600'),
(107, 'COC Gamers Box V70.0 - Paket PC Rakitan Intel Core i5 12400F, NVIDIA GeForce RTX 3060'),
(108, 'COC Creators Box V33.0 - Paket PC Rakitan Intel Core i5 14400F, NVIDIA GeForce RTX 4060'),
(109, 'COC Creators Box V30.0 - Paket PC Rakitan Intel Core i5 13400F, NVIDIA GeForce RTX 4060'),
(110, 'COC Battle Station V65.0 - Paket PC Rakitan AMD Ryzen 5 7600, AMD Radeon RX 7600'),
(111, 'COC Battle Station V78.0 - Paket PC Rakitan AMD Ryzen 5 7600, AMD Radeon RX 7600'),
(112, 'COC Gamers Box V105.0 - Paket PC Rakitan Intel Core i5 13400F, NVIDIA GeForce RTX 3060'),
(113, 'COC Battle Station X Gaptech.id V20.0 - AMD Ryzen 5 7600, AMD Radeon RX 6600'),
(114, 'COC Battle Station X Gaptech.id V20.0 - AMD Ryzen 5 7600, AMD Radeon RX 7600'),
(115, 'COC Battlerig V20.0 - Paket PC Rakitan Intel Core i5 14600KF, Intel ARC A580'),
(116, 'COC Gamers Box V133.0 - Paket PC Rakitan AMD Ryzen 5 7500F, NVIDIA GeForce RTX 4060'),
(117, 'COC Battle Station V76.0 - Paket PC Rakitan AMD Ryzen 5 7600X, AMD Radeon RX 7600'),
(118, 'COC Holy Box V20.0 White - Paket PC Rakitan AMD Ryzen 5 7500F, AMD Radeon RX 7600'),
(119, 'COC Holy Box V10.0 White - Paket PC Rakitan Intel Core i5 13400F, NVIDIA GeForce RTX 4060'),
(120, 'COC Battle Station X Gaptech.id V20.0 - Paket PC Rakitan Intel Core i5 12400F, NVIDIA GeForce RTX 3060 Ti'),
(121, 'COC Gamers Box V78.0 White Edition - Paket PC Rakitan Intel Core i5 12400F, NVIDIA GeForce RTX 3050'),
(122, 'COC Gamers Box X Corsair V10.0 - Paket PC Rakitan Intel Core i5 13400F, NVIDIA GeForce RTX 4060'),
(123, 'COC Gamers Box V115.0 - Paket PC Rakitan Intel Core i5 13400F, NVIDIA GeForce RTX 4060 Ti'),
(124, 'COC Battle Station V78.0 - Paket PC Rakitan AMD Ryzen 5 7600X, AMD Radeon RX 6600'),
(125, 'COC Gamers Box V80.0 - PC Rakitan Intel Core i7 12700F, NVIDIA GeForce RTX 3060 Ti'),
(126, 'COC Battle Station V30.0 - Paket PC Rakitan AMD Ryzen 7 5800X, AMD Radeon RX 6700 XT'),
(127, 'COC Gamers Box V110.0 - Paket PC Rakitan Intel Core i7 13700F, NVIDIA GeForce RTX 3060 Ti'),
(128, 'COC Gamers Box V43.0 - Paket PC Rakitan AMD Ryzen 7 5800X, NVIDIA GeForce RTX 3070'),
(129, 'COC Mini Box V50.0 - Paket Rakitan Mini PC AMD Ryzen 5 7500F, NVIDIA GeForce RTX 4060 Ti'),
(130, 'COC Gamers Box V117.0 - Paket PC Rakitan Intel Core i7 13700F, NVIDIA GeForce RTX 4060 Ti'),
(131, 'COC Mini Box V50.0 White Edition - Paket Rakitan Mini PC AMD Ryzen 5 7500F, NVIDIA GeForce RTX 4060 Ti'),
(132, 'COC Battle Station V80.0 - Paket PC Rakitan AMD Ryzen 7 7700X, AMD Radeon RX 6700 XT'),
(133, 'COC Gamers Box V140.0 - Paket PC Rakitan Intel Core i7 14700F, NVIDIA GeForce RTX 4070 Super'),
(134, 'COC Creators Box X ASUS V20.0 - Paket PC Rakitan AMD Ryzen 7 5800X3D, NVIDIA GeForce RTX 4060 Ti'),
(135, 'COC Gamers Box V120.0 - Paket PC Rakitan Intel Core i7 13700F, NVIDIA GeForce RTX 4070 Ti'),
(136, 'COC Creators Box V50.0 - Paket PC Rakitan Intel Core i5 13400F, NVIDIA GeForce RTX 4070 Ti'),
(137, 'COC GIGABYTE Battle PC - Paket PC Rakitan Intel Core i7 13700KF, NVIDIA GeForce RTX 4070 Ti'),
(138, 'COC Battle Station V90.0 - Paket PC Rakitan AMD Ryzen 9 7900X, AMD Radeon RX 7900 XT'),
(139, 'COC Creators Box V60.0 - Paket PC Rakitan Intel Core i7 14700F, NVIDIA GeForce RTX 4070 Ti Super'),
(140, 'COC Creators Box V65.0 - Paket PC Rakitan Intel Core i7 13700, NVIDIA GeForce RTX 4080 Super'),
(141, 'COC Creators Box X ASUS V20.0 - Paket PC Rakitan Intel Core i9 13900K, NVIDIA GeForce RTX 4080');

-- --------------------------------------------------------

--
-- Table structure for table `nilai_cluster`
--

CREATE TABLE `nilai_cluster` (
  `id_nilai_cluster` int(11) NOT NULL,
  `id_cluster` int(11) NOT NULL,
  `id_atribut` int(11) NOT NULL,
  `nilai` float NOT NULL
) ENGINE=InnoDB DEFAULT CHARSET=utf8mb4 COLLATE=utf8mb4_general_ci;

--
-- Dumping data for table `nilai_cluster`
--

INSERT INTO `nilai_cluster` (`id_nilai_cluster`, `id_cluster`, `id_atribut`, `nilai`) VALUES
(21, 1, 1, 16228),
(22, 1, 2, 32),
(23, 1, 3, 6),
(24, 1, 4, 1024),
(25, 1, 5, 121.7),
(26, 1, 6, 8),
(27, 1, 7, 650),
(28, 1, 8, 85),
(29, 1, 9, 2),
(30, 1, 10, 16.79),
(31, 2, 1, 31458),
(32, 2, 2, 32),
(33, 2, 3, 3.6),
(34, 2, 4, 1024),
(35, 2, 5, 233.2),
(36, 2, 6, 12),
(37, 2, 7, 850),
(38, 2, 8, 90),
(39, 2, 9, 6),
(40, 2, 10, 32.712),
(41, 3, 1, 9650),
(42, 3, 2, 16),
(43, 3, 3, 5),
(44, 3, 4, 500),
(45, 3, 5, 84.96),
(46, 3, 6, 6),
(47, 3, 7, 550),
(48, 3, 8, 82),
(49, 3, 9, 3),
(50, 3, 10, 7.89);

-- --------------------------------------------------------

--
-- Table structure for table `nilai_pc`
--

CREATE TABLE `nilai_pc` (
  `id_nilai_pc` int(11) NOT NULL,
  `id_atribut` int(11) NOT NULL,
  `id_pc` int(11) NOT NULL,
  `nilai` float NOT NULL
) ENGINE=InnoDB DEFAULT CHARSET=utf8mb4 COLLATE=utf8mb4_general_ci;

--
-- Dumping data for table `nilai_pc`
--

INSERT INTO `nilai_pc` (`id_nilai_pc`, `id_atribut`, `id_pc`, `nilai`) VALUES
(1, 1, 44, 2264),
(35, 1, 1, 3549),
(36, 2, 1, 8),
(37, 3, 1, 3),
(38, 4, 1, 256),
(39, 5, 1, 8.8),
(40, 6, 1, 4),
(41, 7, 1, 500),
(42, 8, 1, 60),
(43, 9, 1, 2),
(44, 10, 1, 2.88),
(45, 1, 2, 5678),
(46, 2, 2, 8),
(47, 3, 2, 0.52),
(48, 4, 2, 256),
(49, 5, 2, 3.5),
(50, 6, 2, 2),
(51, 7, 2, 500),
(52, 8, 2, 60),
(53, 9, 2, 3),
(54, 10, 2, 3.33),
(55, 1, 3, 8218),
(56, 2, 3, 8),
(57, 3, 3, 3),
(58, 4, 3, 256),
(59, 5, 3, 10.4),
(60, 6, 3, 2),
(61, 7, 3, 500),
(62, 8, 3, 60),
(63, 9, 3, 3),
(64, 10, 3, 3.85),
(65, 1, 4, 9031),
(66, 2, 4, 16),
(67, 3, 4, 0.52),
(68, 4, 4, 256),
(69, 5, 4, 15.2),
(70, 6, 4, 4),
(71, 7, 4, 450),
(72, 8, 4, 82),
(73, 9, 4, 2),
(74, 10, 4, 3.99),
(75, 1, 5, 9031),
(76, 2, 5, 16),
(77, 3, 5, 0.52),
(78, 4, 5, 512),
(79, 5, 5, 15.2),
(80, 6, 5, 4),
(81, 7, 5, 500),
(82, 8, 5, 60),
(83, 9, 5, 2),
(84, 10, 5, 4.05),
(85, 1, 6, 10369),
(86, 2, 6, 16),
(87, 3, 6, 0.52),
(88, 4, 6, 256),
(89, 5, 6, 10.4),
(90, 6, 6, 2),
(91, 7, 6, 500),
(92, 8, 6, 60),
(93, 9, 6, 3),
(94, 10, 6, 4.55),
(95, 1, 7, 11172),
(96, 2, 7, 16),
(97, 3, 7, 2.4),
(98, 4, 7, 512),
(99, 5, 7, 15.2),
(100, 6, 7, 4),
(101, 7, 7, 550),
(102, 8, 7, 82),
(103, 9, 7, 2),
(104, 10, 7, 5.39),
(105, 1, 8, 11172),
(106, 2, 8, 16),
(107, 3, 8, 2.4),
(108, 4, 8, 512),
(109, 5, 8, 15.2),
(110, 6, 8, 4),
(111, 7, 8, 550),
(112, 8, 8, 82),
(113, 9, 8, 2),
(114, 10, 8, 5.49),
(115, 1, 9, 10005),
(116, 2, 9, 16),
(117, 3, 9, 5),
(118, 4, 9, 500),
(119, 5, 9, 41.09),
(120, 6, 9, 8),
(121, 7, 9, 550),
(122, 8, 9, 82),
(123, 9, 9, 2),
(124, 10, 9, 5.99),
(125, 1, 10, 7291),
(126, 2, 10, 16),
(127, 3, 10, 2.4),
(128, 4, 10, 512),
(129, 5, 10, 41.09),
(130, 6, 10, 8),
(131, 7, 10, 550),
(132, 8, 10, 82),
(133, 9, 10, 3),
(134, 10, 10, 6.49),
(135, 1, 11, 9650),
(136, 2, 11, 16),
(137, 3, 11, 0.52),
(138, 4, 11, 512),
(139, 5, 11, 47.04),
(140, 6, 11, 6),
(141, 7, 11, 550),
(142, 8, 11, 82),
(143, 9, 11, 3),
(144, 10, 11, 7.15),
(145, 1, 12, 8218),
(146, 2, 12, 16),
(147, 3, 12, 5),
(148, 4, 12, 500),
(149, 5, 12, 47.04),
(150, 6, 12, 6),
(151, 7, 12, 550),
(152, 8, 12, 82),
(153, 9, 12, 3),
(154, 10, 12, 7.29),
(155, 1, 13, 10369),
(156, 2, 13, 32),
(157, 3, 13, 5),
(158, 4, 13, 500),
(159, 5, 13, 10.4),
(160, 6, 13, 2),
(161, 7, 13, 650),
(162, 8, 13, 82),
(163, 9, 13, 2),
(164, 10, 13, 7.59),
(165, 1, 14, 14608),
(166, 2, 14, 16),
(167, 3, 14, 2.4),
(168, 4, 14, 512),
(169, 5, 14, 41.58),
(170, 6, 14, 4),
(171, 7, 14, 550),
(172, 8, 14, 82),
(173, 9, 14, 3),
(174, 10, 14, 7.79),
(175, 1, 15, 10005),
(176, 2, 15, 16),
(177, 3, 15, 5),
(178, 4, 15, 500),
(179, 5, 15, 84.96),
(180, 6, 15, 6),
(181, 7, 15, 550),
(182, 8, 15, 82),
(183, 9, 15, 2),
(184, 10, 15, 7.79),
(185, 1, 16, 9650),
(186, 2, 16, 16),
(187, 3, 16, 5),
(188, 4, 16, 500),
(189, 5, 16, 84.96),
(190, 6, 16, 6),
(191, 7, 16, 550),
(192, 8, 16, 82),
(193, 9, 16, 3),
(194, 10, 16, 7.89),
(195, 1, 17, 10764),
(196, 2, 17, 16),
(197, 3, 17, 2.4),
(198, 4, 17, 512),
(199, 5, 17, 90.08),
(200, 6, 17, 4),
(201, 7, 17, 650),
(202, 8, 17, 82),
(203, 9, 17, 3),
(204, 10, 17, 8.75),
(205, 1, 18, 10764),
(206, 2, 18, 16),
(207, 3, 18, 2.4),
(208, 4, 18, 1024),
(209, 5, 18, 169.9),
(210, 6, 18, 8),
(211, 7, 18, 650),
(212, 8, 18, 85),
(213, 9, 18, 3),
(214, 10, 18, 11.45),
(215, 1, 19, 10369),
(216, 2, 19, 32),
(217, 3, 19, 3.5),
(218, 4, 19, 1024),
(219, 5, 19, 159.6),
(220, 6, 19, 10),
(221, 7, 19, 650),
(222, 8, 19, 85),
(223, 9, 19, 4),
(224, 10, 19, 11.69),
(225, 1, 20, 10369),
(226, 2, 20, 32),
(227, 3, 20, 3.5),
(228, 4, 20, 1024),
(229, 5, 20, 169.9),
(230, 6, 20, 8),
(231, 7, 20, 650),
(232, 8, 20, 85),
(233, 9, 20, 4),
(234, 10, 20, 12.29),
(235, 1, 21, 13124),
(236, 2, 21, 32),
(237, 3, 21, 5),
(238, 4, 21, 500),
(239, 5, 21, 165.7),
(240, 6, 21, 8),
(241, 7, 21, 650),
(242, 8, 21, 82),
(243, 9, 21, 2),
(244, 10, 21, 12.55),
(245, 1, 22, 13783),
(246, 2, 22, 32),
(247, 3, 22, 2.4),
(248, 4, 22, 1024),
(249, 5, 22, 169.9),
(250, 6, 22, 8),
(251, 7, 22, 650),
(252, 8, 22, 82),
(253, 9, 22, 2),
(254, 10, 22, 12.99),
(255, 1, 23, 13124),
(256, 2, 23, 32),
(257, 3, 23, 3.5),
(258, 4, 23, 1024),
(259, 5, 23, 97.8),
(260, 6, 23, 12),
(261, 7, 23, 650),
(262, 8, 23, 85),
(263, 9, 23, 4),
(264, 10, 23, 12.99),
(265, 1, 24, 10369),
(266, 2, 24, 16),
(267, 3, 24, 6),
(268, 4, 24, 1024),
(269, 5, 24, 119.9),
(270, 6, 24, 8),
(271, 7, 24, 650),
(272, 8, 24, 82),
(273, 9, 24, 3),
(274, 10, 24, 12.99),
(275, 1, 25, 13783),
(276, 2, 25, 32),
(277, 3, 25, 6),
(278, 4, 25, 1024),
(279, 5, 25, 118.1),
(280, 6, 25, 8),
(281, 7, 25, 650),
(282, 8, 25, 85),
(283, 9, 25, 3),
(284, 10, 25, 15.09),
(285, 1, 26, 13124),
(286, 2, 26, 32),
(287, 3, 26, 6),
(288, 4, 26, 1024),
(289, 5, 26, 121.7),
(290, 6, 26, 8),
(291, 7, 26, 650),
(292, 8, 26, 85),
(293, 9, 26, 3),
(294, 10, 26, 15.49),
(295, 1, 27, 14003),
(296, 2, 27, 32),
(297, 3, 27, 5),
(298, 4, 27, 1024),
(299, 5, 27, 118.1),
(300, 6, 27, 8),
(301, 7, 27, 750),
(302, 8, 27, 85),
(303, 9, 27, 3),
(304, 10, 27, 16.29),
(305, 1, 28, 17050),
(306, 2, 28, 32),
(307, 3, 28, 5),
(308, 4, 28, 500),
(309, 5, 28, 119.9),
(310, 6, 28, 8),
(311, 7, 28, 650),
(312, 8, 28, 85),
(313, 9, 28, 2),
(314, 10, 28, 16.29),
(315, 1, 29, 16228),
(316, 2, 29, 32),
(317, 3, 29, 6),
(318, 4, 29, 1024),
(319, 5, 29, 121.7),
(320, 6, 29, 8),
(321, 7, 29, 650),
(322, 8, 29, 85),
(323, 9, 29, 2),
(324, 10, 29, 16.79),
(325, 1, 30, 17645),
(326, 2, 30, 32),
(327, 3, 30, 6),
(328, 4, 30, 1024),
(329, 5, 30, 121.7),
(330, 6, 30, 8),
(331, 7, 30, 650),
(332, 8, 30, 85),
(333, 9, 30, 3),
(334, 10, 30, 17.19),
(335, 1, 31, 13783),
(336, 2, 31, 32),
(337, 3, 31, 7),
(338, 4, 31, 1024),
(339, 5, 31, 119.9),
(340, 6, 31, 8),
(341, 7, 31, 600),
(342, 8, 31, 90),
(343, 9, 31, 3),
(344, 10, 31, 17.19),
(345, 1, 32, 14438),
(346, 2, 32, 32),
(347, 3, 32, 6),
(348, 4, 32, 1024),
(349, 5, 32, 121.7),
(350, 6, 32, 8),
(351, 7, 32, 650),
(352, 8, 32, 85),
(353, 9, 32, 3),
(354, 10, 32, 17.79),
(355, 1, 33, 14438),
(356, 2, 33, 32),
(357, 3, 33, 5),
(358, 4, 33, 1024),
(359, 5, 33, 123.5),
(360, 6, 33, 8),
(361, 7, 33, 650),
(362, 8, 33, 85),
(363, 9, 33, 3),
(364, 10, 33, 18.79),
(365, 1, 34, 16228),
(366, 2, 34, 32),
(367, 3, 34, 5),
(368, 4, 34, 1024),
(369, 5, 34, 123.5),
(370, 6, 34, 16),
(371, 7, 34, 650),
(372, 8, 34, 85),
(373, 9, 34, 3),
(374, 10, 34, 18.99),
(375, 1, 35, 17050),
(376, 2, 35, 32),
(377, 3, 35, 7),
(378, 4, 35, 1024),
(379, 5, 35, 123.5),
(380, 6, 35, 8),
(381, 7, 35, 600),
(382, 8, 35, 90),
(383, 9, 35, 3),
(384, 10, 35, 19.49),
(385, 1, 36, 17050),
(386, 2, 36, 32),
(387, 3, 36, 7.4),
(388, 4, 36, 1024),
(389, 5, 36, 123.5),
(390, 6, 36, 8),
(391, 7, 36, 650),
(392, 8, 36, 85),
(393, 9, 36, 3),
(394, 10, 36, 21.345),
(395, 1, 37, 14438),
(396, 2, 37, 32),
(397, 3, 37, 5),
(398, 4, 37, 1024),
(399, 5, 37, 123.5),
(400, 6, 37, 16),
(401, 7, 37, 650),
(402, 8, 37, 90),
(403, 9, 37, 3),
(404, 10, 37, 21.89),
(405, 1, 38, 14438),
(406, 2, 38, 32),
(407, 3, 38, 5),
(408, 4, 38, 1024),
(409, 5, 38, 233.3),
(410, 6, 38, 12),
(411, 7, 38, 650),
(412, 8, 38, 90),
(413, 9, 38, 0),
(414, 10, 38, 22.69),
(415, 1, 39, 18076),
(416, 2, 39, 32),
(417, 3, 39, 7.25),
(418, 4, 39, 1024),
(419, 5, 39, 201),
(420, 6, 39, 12),
(421, 7, 39, 750),
(422, 8, 39, 90),
(423, 9, 39, 3),
(424, 10, 39, 25.29),
(425, 1, 40, 19365),
(426, 2, 40, 32),
(427, 3, 40, 7.4),
(428, 4, 40, 1024),
(429, 5, 40, 249.5),
(430, 6, 40, 16),
(431, 7, 40, 850),
(432, 8, 40, 90),
(433, 9, 40, 3),
(434, 10, 40, 25.39),
(435, 1, 41, 19365),
(436, 2, 41, 32),
(437, 3, 41, 7.4),
(438, 4, 41, 1024),
(439, 5, 41, 249.5),
(440, 6, 41, 16),
(441, 7, 41, 850),
(442, 8, 41, 90),
(443, 9, 41, 3),
(444, 10, 41, 25.59),
(445, 1, 42, 19365),
(446, 2, 42, 32),
(447, 3, 42, 5),
(448, 4, 42, 1024),
(449, 5, 42, 322.6),
(450, 6, 42, 16),
(451, 7, 42, 750),
(452, 8, 42, 90),
(453, 9, 42, 3),
(454, 10, 42, 28.59),
(455, 1, 43, 24926),
(456, 2, 43, 32),
(457, 3, 43, 7.4),
(458, 4, 43, 1024),
(459, 5, 43, 380.2),
(460, 6, 43, 16),
(461, 7, 43, 850),
(462, 8, 43, 90),
(463, 9, 43, 5),
(464, 10, 43, 32.75),
(465, 2, 44, 8),
(466, 3, 44, 0.52),
(467, 4, 44, 256),
(468, 5, 44, 4.4),
(469, 6, 44, 4),
(470, 7, 44, 400),
(471, 8, 44, 82),
(472, 9, 44, 4),
(473, 10, 44, 2.827),
(474, 1, 45, 3549),
(475, 2, 45, 8),
(476, 3, 45, 0.52),
(477, 4, 45, 240),
(478, 5, 45, 8.8),
(479, 6, 45, 4),
(480, 7, 45, 450),
(481, 8, 45, 60),
(482, 9, 45, 4),
(483, 10, 45, 3.282),
(484, 1, 46, 5678),
(485, 2, 46, 8),
(486, 3, 46, 0.52),
(487, 4, 46, 256),
(488, 5, 46, 7.216),
(489, 6, 46, 2),
(490, 7, 46, 400),
(491, 8, 46, 60),
(492, 9, 46, 2),
(493, 10, 46, 4.17),
(494, 1, 47, 5794),
(495, 2, 47, 8),
(496, 3, 47, 3),
(497, 4, 47, 256),
(498, 5, 47, 8.808),
(499, 6, 47, 4),
(500, 7, 47, 400),
(501, 8, 47, 82),
(502, 9, 47, 2),
(503, 10, 47, 4.17),
(504, 1, 48, 3549),
(505, 2, 48, 16),
(506, 3, 48, 0.52),
(507, 4, 48, 256),
(508, 5, 48, 8.8),
(509, 6, 48, 4),
(510, 7, 48, 500),
(511, 8, 48, 60),
(512, 9, 48, 4),
(513, 10, 48, 4.191),
(514, 1, 49, 9031),
(515, 2, 49, 16),
(516, 3, 49, 3),
(517, 4, 49, 256),
(518, 5, 49, 15.2),
(519, 6, 49, 4),
(520, 7, 49, 400),
(521, 8, 49, 82),
(522, 9, 49, 2),
(523, 10, 49, 4.393),
(524, 1, 50, 5801),
(525, 2, 50, 8),
(526, 3, 50, 3),
(527, 4, 50, 256),
(528, 5, 50, 8.808),
(529, 6, 50, 4),
(530, 7, 50, 500),
(531, 8, 50, 60),
(532, 9, 50, 2),
(533, 10, 50, 4.898),
(534, 1, 51, 9031),
(535, 2, 51, 16),
(536, 3, 51, 3),
(537, 4, 51, 256),
(538, 5, 51, 15.2),
(539, 6, 51, 4),
(540, 7, 51, 500),
(541, 8, 51, 85),
(542, 9, 51, 2),
(543, 10, 51, 5.707),
(544, 1, 52, 3259),
(545, 2, 52, 8),
(546, 3, 52, 2.4),
(547, 4, 52, 256),
(548, 5, 52, 10.4),
(549, 6, 52, 2),
(550, 7, 52, 120),
(551, 8, 52, 90),
(552, 9, 52, 0),
(553, 10, 52, 5.879),
(554, 1, 53, 10960),
(555, 2, 53, 16),
(556, 3, 53, 3),
(557, 4, 53, 256),
(558, 5, 53, 15.2),
(559, 6, 53, 4),
(560, 7, 53, 500),
(561, 8, 53, 85),
(562, 9, 53, 2),
(563, 10, 53, 6.514),
(564, 1, 54, 5678),
(565, 2, 54, 16),
(566, 3, 54, 0.52),
(567, 4, 54, 256),
(568, 5, 54, 28.56),
(569, 6, 54, 4),
(570, 7, 54, 400),
(571, 8, 54, 85),
(572, 9, 54, 2),
(573, 10, 54, 6.582),
(574, 1, 55, 12189),
(575, 2, 55, 16),
(576, 3, 55, 3),
(577, 4, 55, 512),
(578, 5, 55, 20),
(579, 6, 55, 4),
(580, 7, 55, 500),
(581, 8, 55, 85),
(582, 9, 55, 4),
(583, 10, 55, 6.766),
(584, 1, 56, 5678),
(585, 2, 56, 16),
(586, 3, 56, 0.52),
(587, 4, 56, 256),
(588, 5, 56, 44.54),
(589, 6, 56, 4),
(590, 7, 56, 500),
(591, 8, 56, 85),
(592, 9, 56, 2),
(593, 10, 56, 6.783),
(594, 1, 57, 9945),
(595, 2, 57, 16),
(596, 3, 57, 3),
(597, 4, 57, 256),
(598, 5, 57, 18.93),
(599, 6, 57, 4),
(600, 7, 57, 500),
(601, 8, 57, 85),
(602, 9, 57, 2),
(603, 10, 57, 6.984),
(604, 1, 58, 8218),
(605, 2, 58, 16),
(606, 3, 58, 3),
(607, 4, 58, 256),
(608, 5, 58, 28.56),
(609, 6, 58, 4),
(610, 7, 58, 400),
(611, 8, 58, 85),
(612, 9, 58, 3),
(613, 10, 58, 7.436),
(614, 1, 59, 14608),
(615, 2, 59, 16),
(616, 3, 59, 3),
(617, 4, 59, 512),
(618, 5, 59, 41.58),
(619, 6, 59, 4),
(620, 7, 59, 500),
(621, 8, 59, 85),
(622, 9, 59, 4),
(623, 10, 59, 7.436),
(624, 1, 60, 15556),
(625, 2, 60, 16),
(626, 3, 60, 3),
(627, 4, 60, 512),
(628, 5, 60, 16),
(629, 6, 60, 4),
(630, 7, 60, 500),
(631, 8, 60, 85),
(632, 9, 60, 2),
(633, 10, 60, 7.524),
(634, 1, 61, 10005),
(635, 2, 61, 16),
(636, 3, 61, 3),
(637, 4, 61, 256),
(638, 5, 61, 74.27),
(639, 6, 61, 4),
(640, 7, 61, 500),
(641, 8, 61, 85),
(642, 9, 61, 1),
(643, 10, 61, 7.675),
(644, 1, 62, 8218),
(645, 2, 62, 16),
(646, 3, 62, 3),
(647, 4, 62, 256),
(648, 5, 62, 53.28),
(649, 6, 62, 4),
(650, 7, 62, 500),
(651, 8, 62, 85),
(652, 9, 62, 1),
(653, 10, 62, 7.676),
(654, 1, 63, 9274),
(655, 2, 63, 16),
(656, 3, 63, 3),
(657, 4, 63, 256),
(658, 5, 63, 53.28),
(659, 6, 63, 4),
(660, 7, 63, 500),
(661, 8, 63, 85),
(662, 9, 63, 1),
(663, 10, 63, 7.827),
(664, 1, 64, 8218),
(665, 2, 64, 16),
(666, 3, 64, 3),
(667, 4, 64, 256),
(668, 5, 64, 53.28),
(669, 6, 64, 4),
(670, 7, 64, 500),
(671, 8, 64, 85),
(672, 9, 64, 1),
(673, 10, 64, 7.979),
(674, 1, 65, 9945),
(675, 2, 65, 16),
(676, 3, 65, 3),
(677, 4, 65, 256),
(678, 5, 65, 90.08),
(679, 6, 65, 4),
(680, 7, 65, 500),
(681, 8, 65, 85),
(682, 9, 65, 1),
(683, 10, 65, 8.24),
(684, 1, 66, 7291),
(685, 2, 66, 16),
(686, 3, 66, 3),
(687, 4, 66, 256),
(688, 5, 66, 53.28),
(689, 6, 66, 4),
(690, 7, 66, 500),
(691, 8, 66, 85),
(692, 9, 66, 0),
(693, 10, 66, 8.282),
(694, 1, 67, 10764),
(695, 2, 67, 16),
(696, 3, 67, 3),
(697, 4, 67, 512),
(698, 5, 67, 74.27),
(699, 6, 67, 4),
(700, 7, 67, 500),
(701, 8, 67, 85),
(702, 9, 67, 1),
(703, 10, 67, 8.332),
(704, 1, 68, 9650),
(705, 2, 68, 16),
(706, 3, 68, 3),
(707, 4, 68, 256),
(708, 5, 68, 53.28),
(709, 6, 68, 4),
(710, 7, 68, 500),
(711, 8, 68, 85),
(712, 9, 68, 0),
(713, 10, 68, 8.332),
(714, 1, 69, 10764),
(715, 2, 69, 16),
(716, 3, 69, 1.9),
(717, 4, 69, 512),
(718, 5, 69, 56.86),
(719, 6, 69, 8),
(720, 7, 69, 550),
(721, 8, 69, 85),
(722, 9, 69, 0),
(723, 10, 69, 8.433),
(724, 1, 70, 10369),
(725, 2, 70, 16),
(726, 3, 70, 3),
(727, 4, 70, 256),
(728, 5, 70, 53.28),
(729, 6, 70, 4),
(730, 7, 70, 500),
(731, 8, 70, 85),
(732, 9, 70, 1),
(733, 10, 70, 8.484),
(734, 1, 71, 9945),
(735, 2, 71, 16),
(736, 3, 71, 3),
(737, 4, 71, 256),
(738, 5, 71, 90.08),
(739, 6, 71, 4),
(740, 7, 71, 600),
(741, 8, 71, 85),
(742, 9, 71, 1),
(743, 10, 71, 8.642),
(744, 1, 72, 10369),
(745, 2, 72, 16),
(746, 3, 72, 3),
(747, 4, 72, 256),
(748, 5, 72, 47.04),
(749, 6, 72, 6),
(750, 7, 72, 500),
(751, 8, 72, 85),
(752, 9, 72, 1),
(753, 10, 72, 8.888),
(754, 1, 73, 12019),
(755, 2, 73, 16),
(756, 3, 73, 3),
(757, 4, 73, 512),
(758, 5, 73, 90.08),
(759, 6, 73, 4),
(760, 7, 73, 600),
(761, 8, 73, 85),
(762, 9, 73, 1),
(763, 10, 73, 8.988),
(764, 1, 74, 9274),
(765, 2, 74, 16),
(766, 3, 74, 3),
(767, 4, 74, 256),
(768, 5, 74, 47.04),
(769, 6, 74, 6),
(770, 7, 74, 500),
(771, 8, 74, 85),
(772, 9, 74, 1),
(773, 10, 74, 9.039),
(774, 1, 75, 16129),
(775, 2, 75, 16),
(776, 3, 75, 3),
(777, 4, 75, 256),
(778, 5, 75, 53.28),
(779, 6, 75, 4),
(780, 7, 75, 500),
(781, 8, 75, 85),
(782, 9, 75, 1),
(783, 10, 75, 9.089),
(784, 1, 76, 8218),
(785, 2, 76, 16),
(786, 3, 76, 3),
(787, 4, 76, 256),
(788, 5, 76, 47.04),
(789, 6, 76, 6),
(790, 7, 76, 650),
(791, 8, 76, 85),
(792, 9, 76, 1),
(793, 10, 76, 9.242),
(794, 1, 77, 8218),
(795, 2, 77, 16),
(796, 3, 77, 3),
(797, 4, 77, 256),
(798, 5, 77, 85.68),
(799, 6, 77, 6),
(800, 7, 77, 500),
(801, 8, 77, 85),
(802, 9, 77, 1),
(803, 10, 77, 9.346),
(804, 1, 78, 10005),
(805, 2, 78, 16),
(806, 3, 78, 3),
(807, 4, 78, 512),
(808, 5, 78, 159.4),
(809, 6, 78, 8),
(810, 7, 78, 650),
(811, 8, 78, 85),
(812, 9, 78, 3),
(813, 10, 78, 9.645),
(814, 1, 79, 19650),
(815, 2, 79, 32),
(816, 3, 79, 3),
(817, 4, 79, 512),
(818, 5, 79, 86.4),
(819, 6, 79, 4),
(820, 7, 79, 650),
(821, 8, 79, 85),
(822, 9, 79, 5),
(823, 10, 79, 9.695),
(824, 1, 80, 10005),
(825, 2, 80, 16),
(826, 3, 80, 3),
(827, 4, 80, 512),
(828, 5, 80, 47.04),
(829, 6, 80, 6),
(830, 7, 80, 600),
(831, 8, 80, 85),
(832, 9, 80, 1),
(833, 10, 80, 9.746),
(834, 1, 81, 8218),
(835, 2, 81, 16),
(836, 3, 81, 3),
(837, 4, 81, 256),
(838, 5, 81, 85.3),
(839, 6, 81, 8),
(840, 7, 81, 600),
(841, 8, 81, 85),
(842, 9, 81, 1),
(843, 10, 81, 9.796),
(844, 1, 82, 9274),
(845, 2, 82, 16),
(846, 3, 82, 3),
(847, 4, 82, 256),
(848, 5, 82, 159.4),
(849, 6, 82, 8),
(850, 7, 82, 550),
(851, 8, 82, 85),
(852, 9, 82, 3),
(853, 10, 82, 9.999),
(854, 1, 83, 10369),
(855, 2, 83, 16),
(856, 3, 83, 3),
(857, 4, 83, 512),
(858, 5, 83, 47.04),
(859, 6, 83, 6),
(860, 7, 83, 600),
(861, 8, 83, 85),
(862, 9, 83, 1),
(863, 10, 83, 10.049),
(864, 1, 84, 12019),
(865, 2, 84, 16),
(866, 3, 84, 3),
(867, 4, 84, 256),
(868, 5, 84, 159.4),
(869, 6, 84, 8),
(870, 7, 84, 600),
(871, 8, 84, 85),
(872, 9, 84, 1),
(873, 10, 84, 10.099),
(874, 1, 85, 10764),
(875, 2, 85, 16),
(876, 3, 85, 3),
(877, 4, 85, 512),
(878, 5, 85, 118.1),
(879, 6, 85, 8),
(880, 7, 85, 550),
(881, 8, 85, 85),
(882, 9, 85, 0),
(883, 10, 85, 10.099),
(884, 1, 86, 10005),
(885, 2, 86, 16),
(886, 3, 86, 3),
(887, 4, 86, 256),
(888, 5, 86, 169.9),
(889, 6, 86, 8),
(890, 7, 86, 600),
(891, 8, 86, 85),
(892, 9, 86, 1),
(893, 10, 86, 10.15),
(894, 1, 87, 9650),
(895, 2, 87, 16),
(896, 3, 87, 3),
(897, 4, 87, 256),
(898, 5, 87, 85.68),
(899, 6, 87, 6),
(900, 7, 87, 500),
(901, 8, 87, 85),
(902, 9, 87, 0),
(903, 10, 87, 10.15),
(904, 1, 88, 10369),
(905, 2, 88, 16),
(906, 3, 88, 3),
(907, 4, 88, 1024),
(908, 5, 88, 47.04),
(909, 6, 88, 6),
(910, 7, 88, 600),
(911, 8, 88, 85),
(912, 9, 88, 3),
(913, 10, 88, 10.2),
(914, 1, 89, 8218),
(915, 2, 89, 16),
(916, 3, 89, 3),
(917, 4, 89, 256),
(918, 5, 89, 97.8),
(919, 6, 89, 12),
(920, 7, 89, 600),
(921, 8, 89, 85),
(922, 9, 89, 1),
(923, 10, 89, 10.2),
(924, 1, 90, 16129),
(925, 2, 90, 16),
(926, 3, 90, 3),
(927, 4, 90, 512),
(928, 5, 90, 65.6),
(929, 6, 90, 6),
(930, 7, 90, 450),
(931, 8, 90, 85),
(932, 9, 90, 0),
(933, 10, 90, 10.2),
(934, 1, 91, 9274),
(935, 2, 91, 16),
(936, 3, 91, 3),
(937, 4, 91, 256),
(938, 5, 91, 97.8),
(939, 6, 91, 12),
(940, 7, 91, 600),
(941, 8, 91, 85),
(942, 9, 91, 1),
(943, 10, 91, 10.352),
(944, 1, 92, 10369),
(945, 2, 92, 16),
(946, 3, 92, 3),
(947, 4, 92, 512),
(948, 5, 92, 118.1),
(949, 6, 92, 8),
(950, 7, 92, 550),
(951, 8, 92, 85),
(952, 9, 92, 1),
(953, 10, 92, 10.402),
(954, 1, 93, 16129),
(955, 2, 93, 16),
(956, 3, 93, 3),
(957, 4, 93, 512),
(958, 5, 93, 47.04),
(959, 6, 93, 6),
(960, 7, 93, 600),
(961, 8, 93, 85),
(962, 9, 93, 1),
(963, 10, 93, 10.655),
(964, 1, 94, 8218),
(965, 2, 94, 16),
(966, 3, 94, 3),
(967, 4, 94, 256),
(968, 5, 94, 118.1),
(969, 6, 94, 8),
(970, 7, 94, 600),
(971, 8, 94, 85),
(972, 9, 94, 1),
(973, 10, 94, 10.907),
(974, 1, 95, 13783),
(975, 2, 95, 16),
(976, 3, 95, 6),
(977, 4, 95, 1024),
(978, 5, 95, 159.4),
(979, 6, 95, 8),
(980, 7, 95, 500),
(981, 8, 95, 85),
(982, 9, 95, 3),
(983, 10, 95, 10.909),
(984, 1, 96, 9650),
(985, 2, 96, 16),
(986, 3, 96, 3),
(987, 4, 96, 512),
(988, 5, 96, 97.8),
(989, 6, 96, 12),
(990, 7, 96, 600),
(991, 8, 96, 85),
(992, 9, 96, 0),
(993, 10, 96, 11.463),
(994, 1, 97, 12019),
(995, 2, 97, 16),
(996, 3, 97, 3),
(997, 4, 97, 512),
(998, 5, 97, 169.9),
(999, 6, 97, 8),
(1000, 7, 97, 600),
(1001, 8, 97, 90),
(1002, 9, 97, 3),
(1003, 10, 97, 11.766),
(1004, 1, 98, 9274),
(1005, 2, 98, 16),
(1006, 3, 98, 6),
(1007, 4, 98, 500),
(1008, 5, 98, 118.1),
(1009, 6, 98, 8),
(1010, 7, 98, 600),
(1011, 8, 98, 85),
(1012, 9, 98, 0),
(1013, 10, 98, 12.069),
(1014, 1, 99, 13783),
(1015, 2, 99, 16),
(1016, 3, 99, 6),
(1017, 4, 99, 1024),
(1018, 5, 99, 169.9),
(1019, 6, 99, 8),
(1020, 7, 99, 650),
(1021, 8, 99, 85),
(1022, 9, 99, 3),
(1023, 10, 99, 12.099),
(1024, 1, 100, 12019),
(1025, 2, 100, 16),
(1026, 3, 100, 3),
(1027, 4, 100, 512),
(1028, 5, 100, 97.8),
(1029, 6, 100, 12),
(1030, 7, 100, 600),
(1031, 8, 100, 90),
(1032, 9, 100, 3),
(1033, 10, 100, 12.624),
(1034, 1, 101, 16228),
(1035, 2, 101, 32),
(1036, 3, 101, 6),
(1037, 4, 101, 1024),
(1038, 5, 101, 118.1),
(1039, 6, 101, 8),
(1040, 7, 101, 600),
(1041, 8, 101, 85),
(1042, 9, 101, 1),
(1043, 10, 101, 13.03),
(1044, 1, 102, 9650),
(1045, 2, 102, 16),
(1046, 3, 102, 3),
(1047, 4, 102, 512),
(1048, 5, 102, 97.8),
(1049, 6, 102, 12),
(1050, 7, 102, 600),
(1051, 8, 102, 90),
(1052, 9, 102, 0),
(1053, 10, 102, 13.079),
(1054, 1, 103, 16129),
(1055, 2, 103, 32),
(1056, 3, 103, 6),
(1057, 4, 103, 1024),
(1058, 5, 103, 85.3),
(1059, 6, 103, 8),
(1060, 7, 103, 600),
(1061, 8, 103, 90),
(1062, 9, 103, 1),
(1063, 10, 103, 13.231),
(1064, 1, 104, 16129),
(1065, 2, 104, 32),
(1066, 3, 104, 6),
(1067, 4, 104, 500),
(1068, 5, 104, 118.1),
(1069, 6, 104, 8),
(1070, 7, 104, 600),
(1071, 8, 104, 85),
(1072, 9, 104, 0),
(1073, 10, 104, 13.533),
(1074, 1, 105, 16129),
(1075, 2, 105, 16),
(1076, 3, 105, 5),
(1077, 4, 105, 1024),
(1078, 5, 105, 159.4),
(1079, 6, 105, 8),
(1080, 7, 105, 750),
(1081, 8, 105, 85),
(1082, 9, 105, 3),
(1083, 10, 105, 13.617),
(1084, 1, 106, 16129),
(1085, 2, 106, 32),
(1086, 3, 106, 5),
(1087, 4, 106, 1024),
(1088, 5, 106, 159.4),
(1089, 6, 106, 8),
(1090, 7, 106, 750),
(1091, 8, 106, 85),
(1092, 9, 106, 3),
(1093, 10, 106, 14.17),
(1094, 1, 107, 10369),
(1095, 2, 107, 32),
(1096, 3, 107, 3),
(1097, 4, 107, 512),
(1098, 5, 107, 97.8),
(1099, 6, 107, 12),
(1100, 7, 107, 600),
(1101, 8, 107, 90),
(1102, 9, 107, 3),
(1103, 10, 107, 13.887),
(1104, 1, 108, 16228),
(1105, 2, 108, 32),
(1106, 3, 108, 6),
(1107, 4, 108, 1024),
(1108, 5, 108, 118.1),
(1109, 6, 108, 8),
(1110, 7, 108, 650),
(1111, 8, 108, 85),
(1112, 9, 108, 1),
(1113, 10, 108, 14.089),
(1114, 1, 109, 16129),
(1115, 2, 109, 32),
(1116, 3, 109, 6),
(1117, 4, 109, 1024),
(1118, 5, 109, 118.1),
(1119, 6, 109, 8),
(1120, 7, 109, 650),
(1121, 8, 109, 85),
(1122, 9, 109, 1),
(1123, 10, 109, 14.191),
(1124, 1, 110, 14003),
(1125, 2, 110, 32),
(1126, 3, 110, 6),
(1127, 4, 110, 500),
(1128, 5, 110, 169.9),
(1129, 6, 110, 8),
(1130, 7, 110, 600),
(1131, 8, 110, 90),
(1132, 9, 110, 3),
(1133, 10, 110, 14.24),
(1134, 1, 111, 14003),
(1135, 2, 111, 32),
(1136, 3, 111, 6),
(1137, 4, 111, 500),
(1138, 5, 111, 169.9),
(1139, 6, 111, 8),
(1140, 7, 111, 600),
(1141, 8, 111, 90),
(1142, 9, 111, 3),
(1143, 10, 111, 14.341),
(1144, 1, 112, 16129),
(1145, 2, 112, 32),
(1146, 3, 112, 3),
(1147, 4, 112, 512),
(1148, 5, 112, 97.8),
(1149, 6, 112, 12),
(1150, 7, 112, 600),
(1151, 8, 112, 90),
(1152, 9, 112, 3),
(1153, 10, 112, 14.493),
(1154, 1, 113, 14003),
(1155, 2, 113, 32),
(1156, 3, 113, 5),
(1157, 4, 113, 1024),
(1158, 5, 113, 159.4),
(1159, 6, 113, 8),
(1160, 7, 113, 750),
(1161, 8, 113, 85),
(1162, 9, 113, 4),
(1163, 10, 113, 14.572),
(1164, 1, 114, 14003),
(1165, 2, 114, 32),
(1166, 3, 114, 5),
(1167, 4, 114, 1024),
(1168, 5, 114, 169.9),
(1169, 6, 114, 8),
(1170, 7, 114, 750),
(1171, 8, 114, 85),
(1172, 9, 114, 4),
(1173, 10, 114, 15.577),
(1174, 1, 115, 24789),
(1175, 2, 115, 32),
(1176, 3, 115, 6),
(1177, 4, 115, 1024),
(1178, 5, 115, 182.1),
(1179, 6, 115, 8),
(1180, 7, 115, 600),
(1181, 8, 115, 85),
(1182, 9, 115, 1),
(1183, 10, 115, 14.594),
(1184, 1, 116, 13783),
(1185, 2, 116, 32),
(1186, 3, 116, 6),
(1187, 4, 116, 1024),
(1188, 5, 116, 118.1),
(1189, 6, 116, 8),
(1190, 7, 116, 600),
(1191, 8, 116, 85),
(1192, 9, 116, 2),
(1193, 10, 116, 14.846),
(1194, 1, 117, 14438),
(1195, 2, 117, 32),
(1196, 3, 117, 6),
(1197, 4, 117, 1024),
(1198, 5, 117, 169.9),
(1199, 6, 117, 8),
(1200, 7, 117, 600),
(1201, 8, 117, 90),
(1202, 9, 117, 3),
(1203, 10, 117, 14.947),
(1204, 1, 118, 13783),
(1205, 2, 118, 32),
(1206, 3, 118, 6),
(1207, 4, 118, 1024),
(1208, 5, 118, 169.9),
(1209, 6, 118, 8),
(1210, 7, 118, 600),
(1211, 8, 118, 90),
(1212, 9, 118, 3),
(1213, 10, 118, 15.25),
(1214, 1, 119, 16129),
(1215, 2, 119, 32),
(1216, 3, 119, 6),
(1217, 4, 119, 1024),
(1218, 5, 119, 118.1),
(1219, 6, 119, 8),
(1220, 7, 119, 600),
(1221, 8, 119, 90),
(1222, 9, 119, 3),
(1223, 10, 119, 15.555),
(1224, 1, 120, 10369),
(1225, 2, 120, 32),
(1226, 3, 120, 5),
(1227, 4, 120, 1024),
(1228, 5, 120, 143.6),
(1229, 6, 120, 8),
(1230, 7, 120, 750),
(1231, 8, 120, 85),
(1232, 9, 120, 3),
(1233, 10, 120, 15.929),
(1234, 1, 121, 10369),
(1235, 2, 121, 16),
(1236, 3, 121, 3),
(1237, 4, 121, 512),
(1238, 5, 121, 56.86),
(1239, 6, 121, 8),
(1240, 7, 121, 750),
(1241, 8, 121, 85),
(1242, 9, 121, 3),
(1243, 10, 121, 16.682),
(1244, 1, 122, 16129),
(1245, 2, 122, 32),
(1246, 3, 122, 5),
(1247, 4, 122, 1024),
(1248, 5, 122, 118.1),
(1249, 6, 122, 8),
(1250, 7, 122, 650),
(1251, 8, 122, 85),
(1252, 9, 122, 4),
(1253, 10, 122, 16.717),
(1254, 1, 123, 16129),
(1255, 2, 123, 32),
(1256, 3, 123, 6),
(1257, 4, 123, 500),
(1258, 5, 123, 121.7),
(1259, 6, 123, 8),
(1260, 7, 123, 850),
(1261, 8, 123, 90),
(1262, 9, 123, 4),
(1263, 10, 123, 17.624),
(1264, 1, 124, 14438),
(1265, 2, 124, 32),
(1266, 3, 124, 6),
(1267, 4, 124, 500),
(1268, 5, 124, 159.4),
(1269, 6, 124, 8),
(1270, 7, 124, 600),
(1271, 8, 124, 90),
(1272, 9, 124, 3),
(1273, 10, 124, 17.977),
(1274, 1, 125, 24094),
(1275, 2, 125, 32),
(1276, 3, 125, 3),
(1277, 4, 125, 512),
(1278, 5, 125, 143.6),
(1279, 6, 125, 8),
(1280, 7, 125, 600),
(1281, 8, 125, 90),
(1282, 9, 125, 2),
(1283, 10, 125, 17.989),
(1284, 1, 126, 16364),
(1285, 2, 126, 32),
(1286, 3, 126, 3),
(1287, 4, 126, 512),
(1288, 5, 126, 179.2),
(1289, 6, 126, 12),
(1290, 7, 126, 850),
(1291, 8, 126, 90),
(1292, 9, 126, 3),
(1293, 10, 126, 18.089),
(1294, 1, 127, 30301),
(1295, 2, 127, 32),
(1296, 3, 127, 3),
(1297, 4, 127, 512),
(1298, 5, 127, 143.6),
(1299, 6, 127, 8),
(1300, 7, 127, 600),
(1301, 8, 127, 90),
(1302, 9, 127, 2),
(1303, 10, 127, 19.949),
(1304, 1, 128, 16364),
(1305, 2, 128, 32),
(1306, 3, 128, 3),
(1307, 4, 128, 512),
(1308, 5, 128, 176.6),
(1309, 6, 128, 8),
(1310, 7, 128, 850),
(1311, 8, 128, 90),
(1312, 9, 128, 2),
(1313, 10, 128, 20.351),
(1314, 1, 129, 13783),
(1315, 2, 129, 32),
(1316, 3, 129, 3.6),
(1317, 4, 129, 1024),
(1318, 5, 129, 121.7),
(1319, 6, 129, 8),
(1320, 7, 129, 750),
(1321, 8, 129, 90),
(1322, 9, 129, 0),
(1323, 10, 129, 20.407),
(1324, 1, 130, 30301),
(1325, 2, 130, 32),
(1326, 3, 130, 6),
(1327, 4, 130, 500),
(1328, 5, 130, 121.7),
(1329, 6, 130, 8),
(1330, 7, 130, 850),
(1331, 8, 130, 90),
(1332, 9, 130, 4),
(1333, 10, 130, 20.704),
(1334, 1, 131, 13783),
(1335, 2, 131, 32),
(1336, 3, 131, 3.6),
(1337, 4, 131, 1024),
(1338, 5, 131, 121.7),
(1339, 6, 131, 8),
(1340, 7, 131, 750),
(1341, 8, 131, 90),
(1342, 9, 131, 0),
(1343, 10, 131, 20.957),
(1344, 1, 132, 20613),
(1345, 2, 132, 32),
(1346, 3, 132, 6),
(1347, 4, 132, 500),
(1348, 5, 132, 179.2),
(1349, 6, 132, 12),
(1350, 7, 132, 850),
(1351, 8, 132, 90),
(1352, 9, 132, 4),
(1353, 10, 132, 23.583),
(1354, 1, 133, 35824),
(1355, 2, 133, 32),
(1356, 3, 133, 6),
(1357, 4, 133, 1024),
(1358, 5, 133, 218.8),
(1359, 6, 133, 12),
(1360, 7, 133, 850),
(1361, 8, 133, 90),
(1362, 9, 133, 4),
(1363, 10, 133, 25.707),
(1364, 1, 134, 15903),
(1365, 2, 134, 32),
(1366, 3, 134, 3),
(1367, 4, 134, 1024),
(1368, 5, 134, 121.7),
(1369, 6, 134, 8),
(1370, 7, 134, 750),
(1371, 8, 134, 90),
(1372, 9, 134, 6),
(1373, 10, 134, 25.928),
(1374, 1, 135, 30301),
(1375, 2, 135, 32),
(1376, 3, 135, 3),
(1377, 4, 135, 1024),
(1378, 5, 135, 233.2),
(1379, 6, 135, 12),
(1380, 7, 135, 850),
(1381, 8, 135, 90),
(1382, 9, 135, 3),
(1383, 10, 135, 29.34),
(1384, 1, 136, 16129),
(1385, 2, 136, 32),
(1386, 3, 136, 6),
(1387, 4, 136, 1024),
(1388, 5, 136, 233.2),
(1389, 6, 136, 12),
(1390, 7, 136, 850),
(1391, 8, 136, 90),
(1392, 9, 136, 5),
(1393, 10, 136, 31.713),
(1394, 1, 137, 31458),
(1395, 2, 137, 32),
(1396, 3, 137, 3.6),
(1397, 4, 137, 1024),
(1398, 5, 137, 233.2),
(1399, 6, 137, 12),
(1400, 7, 137, 850),
(1401, 8, 137, 90),
(1402, 9, 137, 6),
(1403, 10, 137, 32.712),
(1404, 1, 138, 31044),
(1405, 2, 138, 32),
(1406, 3, 138, 6),
(1407, 4, 138, 500),
(1408, 5, 138, 479.8),
(1409, 6, 138, 20),
(1410, 7, 138, 1000),
(1411, 8, 138, 90),
(1412, 9, 138, 3),
(1413, 10, 138, 34.693),
(1414, 1, 139, 35824),
(1415, 2, 139, 32),
(1416, 3, 139, 6),
(1417, 4, 139, 2048),
(1418, 5, 139, 272.6),
(1419, 6, 139, 16),
(1420, 7, 139, 850),
(1421, 8, 139, 90),
(1422, 9, 139, 4),
(1423, 10, 139, 42.36),
(1424, 1, 140, 30301),
(1425, 2, 140, 32),
(1426, 3, 140, 6),
(1427, 4, 140, 1024),
(1428, 5, 140, 314.7),
(1429, 6, 140, 16),
(1430, 7, 140, 1000),
(1431, 8, 140, 90),
(1432, 9, 140, 5),
(1433, 10, 140, 44.672),
(1434, 1, 141, 43601),
(1435, 2, 141, 32),
(1436, 3, 141, 7),
(1437, 4, 141, 1024),
(1438, 5, 141, 302.4),
(1439, 6, 141, 16),
(1440, 7, 141, 1000),
(1441, 8, 141, 90),
(1442, 9, 141, 5),
(1443, 10, 141, 55.425);

-- --------------------------------------------------------

--
-- Table structure for table `users`
--

CREATE TABLE `users` (
  `id` int(11) NOT NULL,
  `username` varchar(250) NOT NULL,
  `nama` varchar(250) NOT NULL,
  `email` varchar(250) NOT NULL,
  `password` varchar(250) NOT NULL,
  `role` varchar(50) NOT NULL,
  `status` enum('Aktif','Tidak Aktif') NOT NULL,
  `avatar` varchar(250) DEFAULT NULL
) ENGINE=InnoDB DEFAULT CHARSET=utf8mb4 COLLATE=utf8mb4_general_ci;

--
-- Dumping data for table `users`
--

INSERT INTO `users` (`id`, `username`, `nama`, `email`, `password`, `role`, `status`, `avatar`) VALUES
(6, 'ahmad.rizki', 'Ahmad Rizki Hidayat', 'w.trisusanto022@gmail.com', '$2y$10$clpkfMyLXNuBVtgDOHAzZOJNbLv2H0HzNp45Vj8RLXYyAJhvPArVm', 'Admin', 'Aktif', '683f4a7f553a6.jpg'),
(14, 'user.user', 'Beta Tester', 'user@user.com', '$2y$10$oRc6LaP2y9WlMXODxe7zT.gaSQKcPkkNWGJoLA9Sk3QLgoc0b3Ecy', 'User', 'Aktif', '6665ceb967536.jpg'),
(30, 'user.user2', 'User 2', 'user2@user.com', '$2y$10$L1UjF3R2QK.PwaX0lJLsweXDH3NPWdVi6w1Rmr.kmov1UeQ5O3l2S', 'User', 'Aktif', '666dbb0bddccf.');

--
-- Indexes for dumped tables
--

--
-- Indexes for table `atribut`
--
ALTER TABLE `atribut`
  ADD PRIMARY KEY (`id_atribut`);

--
-- Indexes for table `cluster`
--
ALTER TABLE `cluster`
  ADD PRIMARY KEY (`id_cluster`);

--
-- Indexes for table `laporan`
--
ALTER TABLE `laporan`
  ADD PRIMARY KEY (`id`),
  ADD KEY `fk_user` (`user_id`);

--
-- Indexes for table `laporan_hasil_akhir`
--
ALTER TABLE `laporan_hasil_akhir`
  ADD PRIMARY KEY (`id`),
  ADD KEY `fk_laporan` (`id_laporan`);

--
-- Indexes for table `laporan_hasil_akhir_atribut`
--
ALTER TABLE `laporan_hasil_akhir_atribut`
  ADD PRIMARY KEY (`id`),
  ADD KEY `fk_id_laporan_hasil_akhir` (`id_laporan_hasil_akhir`);

--
-- Indexes for table `nama_pc`
--
ALTER TABLE `nama_pc`
  ADD PRIMARY KEY (`id_pc`);

--
-- Indexes for table `nilai_cluster`
--
ALTER TABLE `nilai_cluster`
  ADD PRIMARY KEY (`id_nilai_cluster`),
  ADD KEY `fk_nilaicluster` (`id_cluster`),
  ADD KEY `fk_nilaiatribut` (`id_atribut`);

--
-- Indexes for table `nilai_pc`
--
ALTER TABLE `nilai_pc`
  ADD PRIMARY KEY (`id_nilai_pc`),
  ADD KEY `fk_atribut` (`id_atribut`),
  ADD KEY `fk_pc` (`id_pc`);

--
-- Indexes for table `users`
--
ALTER TABLE `users`
  ADD PRIMARY KEY (`id`);

--
-- AUTO_INCREMENT for dumped tables
--

--
-- AUTO_INCREMENT for table `atribut`
--
ALTER TABLE `atribut`
  MODIFY `id_atribut` int(11) NOT NULL AUTO_INCREMENT, AUTO_INCREMENT=14;

--
-- AUTO_INCREMENT for table `cluster`
--
ALTER TABLE `cluster`
  MODIFY `id_cluster` int(11) NOT NULL AUTO_INCREMENT, AUTO_INCREMENT=4;

--
-- AUTO_INCREMENT for table `laporan`
--
ALTER TABLE `laporan`
  MODIFY `id` int(11) NOT NULL AUTO_INCREMENT, AUTO_INCREMENT=5;

--
-- AUTO_INCREMENT for table `laporan_hasil_akhir`
--
ALTER TABLE `laporan_hasil_akhir`
  MODIFY `id` int(11) NOT NULL AUTO_INCREMENT, AUTO_INCREMENT=710;

--
-- AUTO_INCREMENT for table `laporan_hasil_akhir_atribut`
--
ALTER TABLE `laporan_hasil_akhir_atribut`
  MODIFY `id` int(11) NOT NULL AUTO_INCREMENT, AUTO_INCREMENT=8193;

--
-- AUTO_INCREMENT for table `nama_pc`
--
ALTER TABLE `nama_pc`
  MODIFY `id_pc` int(11) NOT NULL AUTO_INCREMENT, AUTO_INCREMENT=142;

--
-- AUTO_INCREMENT for table `nilai_cluster`
--
ALTER TABLE `nilai_cluster`
  MODIFY `id_nilai_cluster` int(11) NOT NULL AUTO_INCREMENT, AUTO_INCREMENT=51;

--
-- AUTO_INCREMENT for table `nilai_pc`
--
ALTER TABLE `nilai_pc`
  MODIFY `id_nilai_pc` int(11) NOT NULL AUTO_INCREMENT, AUTO_INCREMENT=1444;

--
-- AUTO_INCREMENT for table `users`
--
ALTER TABLE `users`
  MODIFY `id` int(11) NOT NULL AUTO_INCREMENT, AUTO_INCREMENT=31;

--
-- Constraints for dumped tables
--

--
-- Constraints for table `laporan`
--
ALTER TABLE `laporan`
  ADD CONSTRAINT `fk_user` FOREIGN KEY (`user_id`) REFERENCES `users` (`id`);

--
-- Constraints for table `laporan_hasil_akhir`
--
ALTER TABLE `laporan_hasil_akhir`
  ADD CONSTRAINT `fk_laporan` FOREIGN KEY (`id_laporan`) REFERENCES `laporan` (`id`) ON DELETE CASCADE;

--
-- Constraints for table `laporan_hasil_akhir_atribut`
--
ALTER TABLE `laporan_hasil_akhir_atribut`
  ADD CONSTRAINT `fk_id_laporan_hasil_akhir` FOREIGN KEY (`id_laporan_hasil_akhir`) REFERENCES `laporan_hasil_akhir` (`id`) ON DELETE CASCADE;

--
-- Constraints for table `nilai_pc`
--
ALTER TABLE `nilai_pc`
  ADD CONSTRAINT `fk_atribut` FOREIGN KEY (`id_atribut`) REFERENCES `atribut` (`id_atribut`),
  ADD CONSTRAINT `fk_pc` FOREIGN KEY (`id_pc`) REFERENCES `nama_pc` (`id_pc`);
COMMIT;

/*!40101 SET CHARACTER_SET_CLIENT=@OLD_CHARACTER_SET_CLIENT */;
/*!40101 SET CHARACTER_SET_RESULTS=@OLD_CHARACTER_SET_RESULTS */;
/*!40101 SET COLLATION_CONNECTION=@OLD_COLLATION_CONNECTION */;
